Date,Doy,Station,Standard,ZipCodes,Scope,Tavg,Tavg_Qc,Tmax,Tmax_Qc,Tmin,Tmin_Qc,Tdew,Tdew_Qc,ETo,ETo_Qc,Pr,Pr_Qc,RHavg,RHavg_Qc,RHmax,RHmax_Qc,RHmin,RHmin_Qc,DaySoilTmpAvg.Value,DaySoilTmpAvg.Qc,Rs,Rs_Qc,Ea,Ea_Qc,DayWindRun.Value,DayWindRun.Qc,u2,u2_Qc,Elev,Lat,Long
2013-01-01,1,208,metric,"92253, 92211, 92210, 92203, 92202, 92201",daily,7.7, ,15.9, ,1.7, ,-0.6, ,1.5, ,0.0, ,56.0, ,88.0, ,23.0, ,11.2, ,118.0, ,0.6, ,75.7, ,0.9, ,36,33.678186,-116.27299
2013-01-02,2,208,metric,"92253, 92211, 92210, 92203, 92202, 92201",daily,10.3, ,19.0, ,3.4, ,-5.3, ,2.21, ,0.0, ,33.0, ,66.0, ,16.0, ,11.0, ,143.0, ,0.4, ,115.1, ,1.3, ,36,33.678186,-116.27299
2013-01-03,3,208,metric,"92253, 92211, 92210, 92203, 92202, 92201",daily,10.4, ,20.8, ,1.5, ,-5.2, ,2.25, ,0.0, ,33.0, ,71.0, ,12.0, ,10.8, ,143.0, ,0.4, ,108.1, ,1.3, ,36,33.678186,-116.27299
2013-01-04,4,208,metric,"92253, 92211, 92210, 92203, 92202, 92201",daily,7.6, ,17.2, ,-0.7, ,-4.0, ,1.89, ,0.0, ,44.0, ,79.0, ,17.0, ,10.5, ,143.0, ,0.5, ,88.6, ,1.0, ,36,33.678186,-116.27299
2013-01-05,5,208,metric,"92253, 92211, 92210, 92203, 92202, 92201",daily,7.5, ,17.6, ,-0.5, ,-3.4, ,1.9, ,0.0, ,46.0, ,84.0, ,19.0, ,10.1, ,143.0, ,0.5, ,84.4, ,1.0, ,36,33.678186,-116.27299
2013-01-06,6,208,metric,"92253, 92211, 92210, 92203, 92202, 92201",daily,9.4, ,17.6, ,1.1, ,0.0, ,1.9, ,0.0, ,52.0, ,81.0, ,29.0, ,10.2, ,130.0, ,0.6, ,122.2, ,1.4, ,36,33.678186,-116.27299
2013-01-07,7,208,metric,"92253, 92211, 92210, 92203, 92202, 92201",daily,13.8, ,19.2, ,7.3, ,-2.2, ,2.98, ,0.0, ,33.0, ,63.0, ,17.0, ,10.7, ,136.0, ,0.5, ,207.1, ,2.4, ,36,33.678186,-116.27299
2013-01-08,8,208,metric,"92253, 92211, 92210, 92203, 92202, 92201",daily,17.0, ,26.3, ,8.4, ,0.3, ,2.92, ,0.0, ,32.0, ,62.0, ,19.0, ,11.0, ,140.0, ,0.6, ,138.9, ,1.6, ,36,33.678186,-116.27299
2013-01-09,9,208,metric,"92253, 92211, 92210, 92203, 92202, 92201",daily,13.0, ,22.7, ,5.9, ,4.3, ,1.88, ,0.0, ,56.0, ,85.0, ,30.0, ,11.6, ,128.0, ,0.8, ,87.3, ,1.0, ,36,33.678186,-116.27299
2013-01-10,10,208,metric,"92253, 92211, 92210, 92203, 92202, 92201",daily,11.9, ,17.9, ,6.5, ,1.2, ,2.94, ,0.0, ,48.0, ,82.0, ,30.0, ,11.9, ,131.0, ,0.7, ,301.8, ,3.5, ,36,33.678186,-116.27299
2013-01-11,11,208,metric,"92253, 92211, 92210, 92203, 92202, 92201",daily,7.4, ,14.0, ,1.1, ,-4.8, ,2.01, ,0.0, ,42.0, ,67.0, ,20.0, ,11.1, ,145.0, ,0.4, ,115.8, ,1.3, ,36,33.678186,-116.27299
2013-01-12,12,208,metric,"92253, 92211, 92210, 92203, 92202, 92201",daily,7.5, ,14.0, ,0.4, ,-4.2, ,1.91, ,0.0, ,43.0, ,79.0, ,17.0, ,10.8, ,147.0, ,0.4, ,117.7, ,1.4, ,36,33.678186,-116.27299
2013-01-13,13,208,metric,"92253, 92211, 92210, 92203, 92202, 92201",daily,5.1, ,12.4,Y,-2.6, ,-5.4, ,1.86, ,0.0, ,46.0, ,88.0, ,22.0, ,10.2, ,149.0, ,0.4, ,95.8, ,1.1, ,36,33.678186,-116.27299
2013-01-14,14,208,metric,"92253, 92211, 92210, 92203, 92202, 92201",daily,6.1, ,11.0,Y,0.9, ,-14.3,Y,2.73, ,0.0, ,21.0,Y,54.0, ,12.0, ,9.7, ,152.0, ,0.2,Y,237.3, ,2.7, ,36,33.678186,-116.27299
2013-01-15,15,208,metric,"92253, 92211, 92210, 92203, 92202, 92201",daily,5.5, ,12.7,Y,-1.3, ,-7.1, ,2.12, ,0.0, ,40.0, ,67.0, ,24.0, ,9.0, ,148.0, ,0.4, ,140.3, ,1.6, ,36,33.678186,-116.27299
2013-01-16,16,208,metric,"92253, 92211, 92210, 92203, 92202, 92201",daily,7.9, ,17.5, ,-0.8, ,-2.7, ,2.07, ,0.0, ,47.0, ,74.0, ,26.0, ,9.0, ,148.0, ,0.5, ,108.2, ,1.3, ,36,33.678186,-116.27299
2013-01-17,17,208,metric,"92253, 92211, 92210, 92203, 92202, 92201",daily,12.2, ,23.8, ,3.3, ,-2.1, ,2.36, ,0.0, ,37.0, ,72.0, ,13.0, ,9.5, ,153.0, ,0.5, ,103.9, ,1.2, ,36,33.678186,-116.27299
2013-01-18,18,208,metric,"92253, 92211, 92210, 92203, 92202, 92201",daily,12.9, ,25.1, ,3.2, ,-1.5, ,2.41, ,0.0, ,37.0, ,72.0, ,15.0, ,10.0, ,153.0, ,0.5, ,93.3, ,1.1, ,36,33.678186,-116.27299
2013-01-19,19,208,metric,"92253, 92211, 92210, 92203, 92202, 92201",daily,13.1, ,25.7, ,3.7, ,-0.9, ,2.18, ,0.0, ,38.0, ,77.0, ,12.0, ,10.5, ,157.0, ,0.6, ,79.3, ,0.9, ,36,33.678186,-116.27299
2013-01-20,20,208,metric,"92253, 92211, 92210, 92203, 92202, 92201",daily,12.9, ,26.8, ,1.7, ,-1.2, ,2.35, ,0.0, ,37.0, ,84.0, ,11.0, ,10.6, ,160.0, ,0.6, ,78.2, ,0.9, ,36,33.678186,-116.27299
2013-01-21,21,208,metric,"92253, 92211, 92210, 92203, 92202, 92201",daily,15.7, ,27.3, ,6.9, ,-4.8, ,2.86, ,0.0, ,24.0, ,54.0, ,9.0, ,10.9, ,163.0, ,0.4, ,125.5, ,1.5, ,36,33.678186,-116.27299
2013-01-22,22,208,metric,"92253, 92211, 92210, 92203, 92202, 92201",daily,12.8, ,25.2, ,3.2, ,-0.8, ,2.43, ,0.0, ,39.0, ,72.0, ,14.0, ,11.0, ,155.0, ,0.6, ,91.1, ,1.1, ,36,33.678186,-116.27299
2013-01-23,23,208,metric,"92253, 92211, 92210, 92203, 92202, 92201",daily,14.3, ,22.4, ,7.1, ,5.4, ,1.2, ,0.0, ,55.0, ,75.0, ,29.0, ,11.6, ,86.0, ,0.9, ,60.7, ,0.7, ,36,33.678186,-116.27299
2013-01-24,24,208,metric,"92253, 92211, 92210, 92203, 92202, 92201",daily,16.3, ,21.7, ,13.8,Y,7.3, ,1.63, ,0.0, ,55.0, ,84.0, ,42.0, ,12.7, ,90.0, ,1.0, ,93.9, ,1.1, ,36,33.678186,-116.27299
2013-01-25,25,208,metric,"92253, 92211, 92210, 92203, 92202, 92201",daily,15.0, ,16.9, ,13.3,Y,13.3,Y,0.3, ,0.0, ,89.0,Y,100.0, ,67.0, ,13.5, ,43.0, ,1.5,Y,89.8, ,1.0, ,36,33.678186,-116.27299
2013-01-26,26,208,metric,"92253, 92211, 92210, 92203, 92202, 92201",daily,15.2, ,18.9, ,13.0,Y,14.5,Y,1.22, ,0.0, ,95.0,Y,100.0, ,80.0, ,14.1, ,109.0, ,1.6,Y,109.7, ,1.3, ,36,33.678186,-116.27299
2013-01-27,27,208,metric,"92253, 92211, 92210, 92203, 92202, 92201",daily,14.2, ,18.4, ,7.4, ,10.5, ,1.96, ,0.0, ,78.0, ,100.0, ,36.0, ,14.8, ,131.0, ,1.3, ,175.0, ,2.0, ,36,33.678186,-116.27299
2013-01-28,28,208,metric,"92253, 92211, 92210, 92203, 92202, 92201",daily,11.5, ,17.0, ,7.1, ,-0.3, ,2.38, ,0.0, ,44.0, ,65.0, ,26.0, ,14.2, ,157.0, ,0.6, ,143.7, ,1.7, ,36,33.678186,-116.27299
2013-01-29,29,208,metric,"92253, 92211, 92210, 92203, 92202, 92201",daily,10.3, ,17.8, ,2.5, ,0.4, ,2.17, ,0.0, ,50.0, ,82.0, ,24.0, ,13.3, ,158.0, ,0.6, ,92.9, ,1.1, ,36,33.678186,-116.27299
2013-01-30,30,208,metric,"92253, 92211, 92210, 92203, 92202, 92201",daily,13.6, ,19.7, ,6.0, ,3.7, ,2.16, ,0.0, ,51.0, ,96.0, ,31.0, ,13.1, ,147.0, ,0.8, ,40.0, ,0.5, ,36,33.678186,-116.27299
2013-01-31,31,208,metric,"92253, 92211, 92210, 92203, 92202, 92201",daily,16.7, ,22.6, ,0.0, ,5.5, ,2.49, ,0.0, ,48.0, ,96.0, ,34.0, ,12.9, ,235.0,R,0.9, ,123.6, ,1.4, ,36,33.678186,-116.27299
2013-02-01,32,208,metric,"92253, 92211, 92210, 92203, 92202, 92201",daily,14.3, ,23.5, ,5.2, ,5.6, ,2.5, ,0.0, ,56.0, ,92.0, ,30.0, ,13.2, ,170.0, ,0.9, ,97.5, ,1.1, ,36,33.678186,-116.27299
2013-02-02,33,208,metric,"92253, 92211, 92210, 92203, 92202, 92201",daily,16.5, ,24.1, ,9.2, ,7.0, ,2.21, ,0.0, ,53.0, ,85.0, ,28.0, ,13.7, ,128.0, ,1.0, ,85.1, ,1.0, ,36,33.678186,-116.27299
2013-02-03,34,208,metric,"92253, 92211, 92210, 92203, 92202, 92201",daily,18.7, ,24.1, ,13.7, ,8.0, ,2.45, ,0.0, ,50.0, ,70.0, ,35.0, ,14.7, ,128.0, ,1.1, ,125.0, ,1.4, ,36,33.678186,-116.27299
2013-02-04,35,208,metric,"92253, 92211, 92210, 92203, 92202, 92201",daily,17.6, ,27.9, ,8.7, ,5.9, ,2.91, ,0.0, ,46.0, ,80.0, ,19.0, ,14.8, ,180.0, ,0.9, ,109.4, ,1.3, ,36,33.678186,-116.27299
2013-02-05,36,208,metric,"92253, 92211, 92210, 92203, 92202, 92201",daily,16.6, ,24.3, ,7.7, ,5.4, ,2.97, ,0.0, ,47.0, ,80.0, ,25.0, ,14.7, ,180.0, ,0.9, ,127.4, ,1.5, ,36,33.678186,-116.27299
2013-02-06,37,208,metric,"92253, 92211, 92210, 92203, 92202, 92201",daily,17.1, ,25.3, ,10.6, ,5.9, ,3.08, ,0.0, ,48.0, ,80.0, ,20.0, ,14.8, ,185.0, ,0.9, ,160.9, ,1.9, ,36,33.678186,-116.27299
2013-02-07,38,208,metric,"92253, 92211, 92210, 92203, 92202, 92201",daily,14.6, ,21.8, ,6.3, ,4.7, ,3.04, ,0.0, ,51.0, ,82.0, ,26.0, ,14.5, ,180.0, ,0.9, ,169.2, ,2.0, ,36,33.678186,-116.27299
2013-02-08,39,208,metric,"92253, 92211, 92210, 92203, 92202, 92201",daily,11.1, ,15.0, ,4.9, ,1.7, ,3.04, ,0.0, ,52.0, ,82.0, ,38.0, ,14.3, ,170.0, ,0.7, ,299.2, ,3.5, ,36,33.678186,-116.27299
2013-02-09,40,208,metric,"92253, 92211, 92210, 92203, 92202, 92201",daily,9.7, ,16.0, ,2.9, ,0.9, ,2.5, ,0.0, ,54.0, ,85.0, ,32.0, ,13.4, ,188.0, ,0.7, ,131.7, ,1.5, ,36,33.678186,-116.27299
2013-02-10,41,208,metric,"92253, 92211, 92210, 92203, 92202, 92201",daily,10.8, ,16.7, ,3.4, ,1.1, ,2.42, ,0.0, ,51.0, ,81.0, ,31.0, ,13.2, ,175.0, ,0.7, ,145.4, ,1.7, ,36,33.678186,-116.27299
2013-02-11,42,208,metric,"92253, 92211, 92210, 92203, 92202, 92201",daily,12.1, ,16.4, ,7.3, ,-4.9, ,3.42, ,0.0, ,30.0, ,54.0, ,14.0, ,13.0, ,189.0, ,0.4, ,245.3, ,2.8, ,36,33.678186,-116.27299
2013-02-12,43,208,metric,"92253, 92211, 92210, 92203, 92202, 92201",daily,11.1, ,19.6, ,1.9, ,-4.2, ,2.83, ,0.0, ,34.0, ,72.0, ,15.0, ,12.4, ,201.0, ,0.4, ,110.6, ,1.3, ,36,33.678186,-116.27299
2013-02-13,44,208,metric,"92253, 92211, 92210, 92203, 92202, 92201",daily,11.6, ,23.1, ,2.3, ,-0.1, ,3.0, ,0.0, ,44.0, ,78.0, ,18.0, ,12.4, ,200.0, ,0.6, ,114.0, ,1.3, ,36,33.678186,-116.27299
2013-02-14,45,208,metric,"92253, 92211, 92210, 92203, 92202, 92201",daily,15.3, ,25.3, ,4.2, ,0.8, ,3.47, ,0.0, ,37.0, ,81.0, ,17.0, ,12.5, ,202.0, ,0.6, ,117.1, ,1.4, ,36,33.678186,-116.27299
2013-02-15,46,208,metric,"92253, 92211, 92210, 92203, 92202, 92201",daily,16.4, ,25.7, ,8.4, ,-0.2, ,3.44, ,0.0, ,32.0, ,60.0, ,13.0, ,13.0, ,191.0, ,0.6, ,115.5, ,1.3, ,36,33.678186,-116.27299
2013-02-16,47,208,metric,"92253, 92211, 92210, 92203, 92202, 92201",daily,14.8, ,28.3, ,5.2, ,0.9, ,2.85, ,0.0, ,39.0, ,78.0, ,11.0, ,13.4, ,188.0, ,0.7, ,73.6, ,0.9, ,36,33.678186,-116.27299
2013-02-17,48,208,metric,"92253, 92211, 92210, 92203, 92202, 92201",daily,15.4, ,26.2, ,4.1, ,0.5, ,3.67, ,0.0, ,36.0, ,79.0, ,14.0, ,13.5, ,212.0, ,0.6, ,157.9, ,1.8, ,36,33.678186,-116.27299
2013-02-18,49,208,metric,"92253, 92211, 92210, 92203, 92202, 92201",daily,15.2, ,22.2, ,6.0, ,2.9, ,3.46, ,0.0, ,43.0, ,76.0, ,21.0, ,13.8, ,205.0, ,0.8, ,141.9, ,1.6, ,36,33.678186,-116.27299
2013-02-19,50,208,metric,"92253, 92211, 92210, 92203, 92202, 92201",daily,13.2, ,17.2, ,9.8, ,2.8, ,2.51, ,0.0, ,49.0, ,69.0, ,36.0, ,13.9, ,148.0, ,0.7, ,266.8, ,3.1, ,36,33.678186,-116.27299
2013-02-20,51,208,metric,"92253, 92211, 92210, 92203, 92202, 92201",daily,10.5, ,16.7, ,4.3, ,1.5, ,2.63, ,0.0, ,54.0, ,89.0, ,32.0, ,13.7, ,185.0, ,0.7, ,150.0, ,1.7, ,36,33.678186,-116.27299
2013-02-21,52,208,metric,"92253, 92211, 92210, 92203, 92202, 92201",daily,10.5, ,17.6, ,3.1, ,0.9, ,2.44, ,0.0, ,52.0, ,85.0, ,28.0, ,13.4, ,170.0, ,0.7, ,119.9, ,1.4, ,36,33.678186,-116.27299
2013-02-22,53,208,metric,"92253, 92211, 92210, 92203, 92202, 92201",daily,11.2, ,20.8, ,1.9, ,-0.9, ,3.2, ,0.0, ,43.0, ,80.0, ,17.0, ,13.1, ,219.0, ,0.6, ,115.4, ,1.3, ,36,33.678186,-116.27299
2013-02-23,54,208,metric,"92253, 92211, 92210, 92203, 92202, 92201",daily,12.8, ,19.8, ,3.0, ,1.0, ,3.55, ,0.0, ,44.0, ,82.0, ,26.0, ,13.2, ,215.0, ,0.7, ,158.4, ,1.8, ,36,33.678186,-116.27299
2013-02-24,55,208,metric,"92253, 92211, 92210, 92203, 92202, 92201",daily,13.6, ,18.0, ,7.2, ,-10.6,Y,4.51, ,0.0, ,18.0,Y,40.0, ,12.0, ,13.4, ,227.0,R,0.3,Y,237.6, ,2.8, ,36,33.678186,-116.27299
2013-02-25,56,208,metric,"92253, 92211, 92210, 92203, 92202, 92201",daily,11.4, ,19.6, ,3.0, ,-4.4, ,3.54, ,0.0, ,33.0, ,70.0, ,16.0, ,12.9, ,230.0,R,0.4, ,129.8, ,1.5, ,36,33.678186,-116.27299
2013-02-26,57,208,metric,"92253, 92211, 92210, 92203, 92202, 92201",daily,12.5, ,22.7, ,2.9, ,-2.4, ,3.59, ,0.0, ,35.0, ,71.0, ,13.0, ,12.8, ,229.0, ,0.5, ,110.5, ,1.3, ,36,33.678186,-116.27299
2013-02-27,58,208,metric,"92253, 92211, 92210, 92203, 92202, 92201",daily,13.8, ,21.9, ,5.7, ,-5.3, ,3.83, ,0.0, ,26.0, ,58.0, ,11.0, ,12.9, ,231.0, ,0.4, ,134.2, ,1.6, ,36,33.678186,-116.27299
2013-02-28,59,208,metric,"92253, 92211, 92210, 92203, 92202, 92201",daily,16.1, ,25.8, ,7.0, ,-3.2, ,3.84, ,0.0, ,27.0, ,62.0, ,11.0, ,13.1, ,234.0,R,0.5, ,105.7, ,1.2, ,36,33.678186,-116.27299
2013-03-01,60,208,metric,"92253, 92211, 92210, 92203, 92202, 92201",daily,17.3, ,28.9, ,6.2, ,1.8, ,3.91, ,0.0, ,35.0, ,72.0, ,13.0, ,13.6, ,233.0, ,0.7, ,96.3, ,1.1, ,36,33.678186,-116.27299
2013-03-02,61,208,metric,"92253, 92211, 92210, 92203, 92202, 92201",daily,17.8, ,27.5, ,7.4, ,3.7, ,4.19, ,0.0, ,39.0, ,75.0, ,17.0, ,14.3, ,230.0, ,0.8, ,113.5, ,1.3, ,36,33.678186,-116.27299
2013-03-03,62,208,metric,"92253, 92211, 92210, 92203, 92202, 92201",daily,19.3, ,28.8, ,12.1, ,4.1, ,4.43, ,0.0, ,37.0, ,62.0, ,14.0, ,14.8, ,227.0, ,0.8, ,168.6, ,2.0, ,36,33.678186,-116.27299
2013-03-04,63,208,metric,"92253, 92211, 92210, 92203, 92202, 92201",daily,18.9, ,26.3, ,13.0, ,6.6, ,4.31, ,0.0, ,44.0, ,71.0, ,25.0, ,15.4, ,232.0, ,1.0, ,182.6, ,2.1, ,36,33.678186,-116.27299
2013-03-05,64,208,metric,"92253, 92211, 92210, 92203, 92202, 92201",daily,17.6, ,24.6, ,10.8, ,7.9, ,3.64, ,0.0, ,53.0, ,84.0, ,30.0, ,15.6, ,191.0, ,1.1, ,161.7, ,1.9, ,36,33.678186,-116.27299
2013-03-06,65,208,metric,"92253, 92211, 92210, 92203, 92202, 92201",daily,19.3, ,24.2, ,0.0,Y,4.1, ,4.4, ,0.0, ,37.0, ,63.0, ,26.0, ,15.8, ,305.0,R,0.8, ,232.1, ,2.7, ,36,33.678186,-116.27299
2013-03-07,66,208,metric,"92253, 92211, 92210, 92203, 92202, 92201",daily,15.6, ,19.6, ,11.2, ,5.6, ,2.47, ,0.0, ,51.0, ,68.0, ,41.0, ,15.7, ,130.0, ,0.9, ,204.2, ,2.4, ,36,33.678186,-116.27299
2013-03-08,67,208,metric,"92253, 92211, 92210, 92203, 92202, 92201",daily,12.1, ,16.6,Y,8.5, ,3.9, ,3.16, ,0.0, ,57.0, ,90.0, ,34.0, ,15.5, ,186.0, ,0.8, ,183.9, ,2.1, ,36,33.678186,-116.27299
2013-03-09,68,208,metric,"92253, 92211, 92210, 92203, 92202, 92201",daily,13.8, ,21.0, ,4.9, ,4.5, ,3.94, ,0.0, ,53.0, ,89.0, ,32.0, ,15.2, ,241.0, ,0.8, ,163.8, ,1.9, ,36,33.678186,-116.27299
2013-03-10,69,208,metric,"92253, 92211, 92210, 92203, 92202, 92201",daily,18.0, ,25.4, ,10.4, ,-0.9, ,4.75, ,0.0, ,28.0, ,66.0, ,13.0, ,15.5, ,258.0,R,0.6, ,176.4, ,2.0, ,36,33.678186,-116.27299
2013-03-11,70,208,metric,"92253, 92211, 92210, 92203, 92202, 92201",daily,17.4, ,27.5, ,6.3, ,1.3, ,4.42, ,0.0, ,34.0, ,73.0, ,14.0, ,15.6, ,258.0,R,0.7, ,113.7, ,1.3, ,36,33.678186,-116.27299
2013-03-12,71,208,metric,"92253, 92211, 92210, 92203, 92202, 92201",daily,19.8, ,31.6, ,8.8, ,3.9, ,4.61, ,0.0, ,35.0, ,67.0, ,14.0, ,16.1, ,256.0,R,0.8, ,117.6, ,1.4, ,36,33.678186,-116.27299
2013-03-13,72,208,metric,"92253, 92211, 92210, 92203, 92202, 92201",daily,22.6, ,34.5, ,12.3, ,4.9, ,4.83, ,0.0, ,32.0, ,60.0, ,13.0, ,16.7, ,259.0,R,0.9, ,112.5, ,1.3, ,36,33.678186,-116.27299
2013-03-14,73,208,metric,"92253, 92211, 92210, 92203, 92202, 92201",daily,23.9, ,34.9, ,13.2, ,6.3, ,5.03, ,0.0, ,32.0, ,65.0, ,14.0, ,17.4, ,259.0, ,1.0, ,114.7, ,1.3, ,36,33.678186,-116.27299
2013-03-15,74,208,metric,"92253, 92211, 92210, 92203, 92202, 92201",daily,24.6, ,33.3, ,14.7, ,6.0, ,5.29, ,0.0, ,30.0, ,65.0, ,17.0, ,18.0, ,228.0, ,0.9, ,167.4, ,1.9, ,36,33.678186,-116.27299
2013-03-16,75,208,metric,"92253, 92211, 92210, 92203, 92202, 92201",daily,25.1, ,34.9, ,14.1, ,3.9, ,5.89, ,0.0, ,25.0, ,62.0, ,12.0, ,18.5, ,257.0, ,0.8, ,201.0, ,2.3, ,36,33.678186,-116.27299
2013-03-17,76,208,metric,"92253, 92211, 92210, 92203, 92202, 92201",daily,23.9, ,32.5, ,16.6,Y,5.4, ,5.56, ,0.0, ,30.0, ,50.0, ,11.0, ,18.7, ,261.0, ,0.9, ,219.8, ,2.5, ,36,33.678186,-116.27299
2013-03-18,77,208,metric,"92253, 92211, 92210, 92203, 92202, 92201",daily,21.3, ,28.0, ,13.4, ,8.8, ,4.87, ,0.0, ,45.0, ,72.0, ,26.0, ,18.9, ,245.0, ,1.1, ,178.2, ,2.1, ,36,33.678186,-116.27299
2013-03-19,78,208,metric,"92253, 92211, 92210, 92203, 92202, 92201",daily,22.6, ,30.6, ,16.1, ,8.0, ,5.49, ,0.0, ,39.0, ,63.0, ,21.0, ,19.1, ,249.0, ,1.1, ,222.7, ,2.6, ,36,33.678186,-116.27299
2013-03-20,79,208,metric,"92253, 92211, 92210, 92203, 92202, 92201",daily,22.6, ,30.2, ,15.6, ,8.0, ,4.65, ,0.0, ,39.0, ,58.0, ,21.0, ,19.2, ,201.0, ,1.1, ,204.3, ,2.4, ,36,33.678186,-116.27299
2013-03-21,80,208,metric,"92253, 92211, 92210, 92203, 92202, 92201",daily,22.8, ,31.7, ,16.8,Y,7.2, ,5.61, ,0.0, ,37.0, ,58.0, ,15.0, ,19.3, ,260.0, ,1.0, ,231.9, ,2.7, ,36,33.678186,-116.27299
2013-03-22,81,208,metric,"92253, 92211, 92210, 92203, 92202, 92201",daily,22.2, ,30.0, ,15.0, ,4.7, ,5.9, ,0.0, ,32.0, ,60.0, ,13.0, ,19.3, ,269.0, ,0.9, ,263.9, ,3.1, ,36,33.678186,-116.27299
2013-03-23,82,208,metric,"92253, 92211, 92210, 92203, 92202, 92201",daily,20.4, ,26.9, ,12.3, ,-0.8, ,5.51, ,0.0, ,24.0, ,58.0, ,11.0, ,19.1, ,273.0, ,0.6, ,174.2, ,2.0, ,36,33.678186,-116.27299
2013-03-24,83,208,metric,"92253, 92211, 92210, 92203, 92202, 92201",daily,18.1, ,27.3, ,8.9, ,1.7, ,4.83, ,0.0, ,33.0, ,71.0, ,13.0, ,18.8, ,271.0, ,0.7, ,104.6, ,1.2, ,36,33.678186,-116.27299
2013-03-25,84,208,metric,"92253, 92211, 92210, 92203, 92202, 92201",daily,19.5, ,27.7, ,9.7, ,3.5, ,5.03, ,0.0, ,35.0, ,73.0, ,14.0, ,18.8, ,258.0, ,0.8, ,114.3, ,1.3, ,36,33.678186,-116.27299
2013-03-26,85,208,metric,"92253, 92211, 92210, 92203, 92202, 92201",daily,22.5, ,30.0, ,14.7, ,4.7, ,5.56, ,0.0, ,31.0, ,64.0, ,16.0, ,19.4, ,267.0, ,0.9, ,157.5, ,1.8, ,36,33.678186,-116.27299
2013-03-27,86,208,metric,"92253, 92211, 92210, 92203, 92202, 92201",daily,22.4, ,29.1, ,16.0, ,5.0, ,5.53, ,0.0, ,32.0, ,51.0, ,20.0, ,19.7, ,254.0, ,0.9, ,205.4, ,2.4, ,36,33.678186,-116.27299
2013-03-28,87,208,metric,"92253, 92211, 92210, 92203, 92202, 92201",daily,21.1, ,28.3, ,13.0, ,7.4, ,4.94, ,0.0, ,41.0, ,75.0, ,20.0, ,20.0, ,255.0, ,1.0, ,120.6, ,1.4, ,36,33.678186,-116.27299
2013-03-29,88,208,metric,"92253, 92211, 92210, 92203, 92202, 92201",daily,22.3, ,28.3, ,14.7, ,9.4, ,4.88, ,0.0, ,44.0, ,68.0, ,27.0, ,20.4, ,237.0, ,1.2, ,147.6, ,1.7, ,36,33.678186,-116.27299
2013-03-30,89,208,metric,"92253, 92211, 92210, 92203, 92202, 92201",daily,24.6, ,31.3, ,18.4,Y,8.6, ,5.99, ,0.0, ,36.0, ,62.0, ,20.0, ,21.0, ,272.0, ,1.1, ,184.3, ,2.1, ,36,33.678186,-116.27299
2013-03-31,90,208,metric,"92253, 92211, 92210, 92203, 92202, 92201",daily,22.0, ,28.3, ,16.6,Y,6.2, ,6.41, ,0.0, ,36.0, ,49.0, ,25.0, ,21.0, ,282.0, ,0.9, ,276.5, ,3.2, ,36,33.678186,-116.27299
2013-04-01,91,208,metric,"92253, 92211, 92210, 92203, 92202, 92201",daily,19.4, ,25.4, ,14.2, ,6.4, ,5.18, ,0.0, ,43.0, ,59.0, ,27.0, ,20.5, ,250.0, ,1.0, ,228.8, ,2.6, ,36,33.678186,-116.27299
2013-04-02,92,208,metric,"92253, 92211, 92210, 92203, 92202, 92201",daily,22.3, ,29.8, ,15.2, ,6.2, ,5.91, ,0.0, ,35.0, ,58.0, ,19.0, ,20.3, ,287.0, ,1.0, ,224.3, ,2.6, ,36,33.678186,-116.27299
2013-04-03,93,208,metric,"92253, 92211, 92210, 92203, 92202, 92201",daily,27.8, ,32.1, ,0.0,Y,4.4, ,5.8, ,0.0, ,22.0, ,67.0, ,14.0, ,21.0, ,389.0,R,0.8, ,151.3, ,1.8, ,36,33.678186,-116.27299
2013-04-04,94,208,metric,"92253, 92211, 92210, 92203, 92202, 92201",daily,24.7, ,31.7, ,17.1, ,7.2, ,5.75, ,0.0, ,33.0, ,57.0, ,19.0, ,21.2, ,261.0, ,1.0, ,155.6, ,1.8, ,36,33.678186,-116.27299
2013-04-05,95,208,metric,"92253, 92211, 92210, 92203, 92202, 92201",daily,22.5, ,29.1, ,16.8, ,8.2, ,5.89, ,0.0, ,40.0, ,61.0, ,21.0, ,21.2, ,284.0, ,1.1, ,223.5, ,2.6, ,36,33.678186,-116.27299
2013-04-06,96,208,metric,"92253, 92211, 92210, 92203, 92202, 92201",daily,22.5, ,30.2, ,16.2, ,9.7, ,5.76, ,0.0, ,44.0, ,67.0, ,22.0, ,21.2, ,289.0, ,1.2, ,218.4, ,2.5, ,36,33.678186,-116.27299
2013-04-07,97,208,metric,"92253, 92211, 92210, 92203, 92202, 92201",daily,22.9, ,29.7, ,16.3, ,9.6, ,5.06, ,0.0, ,43.0, ,69.0, ,24.0, ,21.3, ,242.0, ,1.2, ,186.5, ,2.2, ,36,33.678186,-116.27299
2013-04-08,98,208,metric,"92253, 92211, 92210, 92203, 92202, 92201",daily,18.8, ,22.1, ,15.3, ,4.9, ,6.01, ,0.0, ,40.0, ,62.0, ,31.0, ,21.1, ,276.0, ,0.9, ,308.7, ,3.6, ,36,33.678186,-116.27299
2013-04-09,99,208,metric,"92253, 92211, 92210, 92203, 92202, 92201",daily,19.8, ,25.5, ,13.3, ,-2.7, ,6.31, ,0.0, ,22.0, ,34.0, ,12.0, ,20.1, ,304.0, ,0.5, ,231.9, ,2.7, ,36,33.678186,-116.27299
2013-04-10,100,208,metric,"92253, 92211, 92210, 92203, 92202, 92201",daily,22.2, ,30.3, ,13.1, ,-1.8, ,6.35, ,0.0, ,20.0, ,48.0, ,9.0, ,19.8, ,310.0, ,0.5, ,169.8, ,2.0, ,36,33.678186,-116.27299
2013-04-11,101,208,metric,"92253, 92211, 92210, 92203, 92202, 92201",daily,20.8, ,29.0, ,11.2, ,4.5, ,5.45, ,0.0, ,34.0, ,63.0, ,15.0, ,19.8, ,276.0, ,0.8, ,145.2, ,1.7, ,36,33.678186,-116.27299
2013-04-12,102,208,metric,"92253, 92211, 92210, 92203, 92202, 92201",daily,22.0, ,30.0, ,14.1, ,7.6, ,5.92, ,0.0, ,39.0, ,72.0, ,17.0, ,20.2, ,293.0, ,1.0, ,138.8, ,1.6, ,36,33.678186,-116.27299
2013-04-13,103,208,metric,"92253, 92211, 92210, 92203, 92202, 92201",daily,23.5, ,32.2, ,16.2, ,7.3, ,6.2, ,0.0, ,35.0, ,61.0, ,15.0, ,20.5, ,288.0, ,1.0, ,197.1, ,2.3, ,36,33.678186,-116.27299
2013-04-14,104,208,metric,"92253, 92211, 92210, 92203, 92202, 92201",daily,19.9, ,25.1, ,15.4, ,8.3, ,6.15, ,0.0, ,47.0, ,61.0, ,35.0, ,20.5, ,297.0, ,1.1, ,281.6, ,3.3, ,36,33.678186,-116.27299
2013-04-15,105,208,metric,"92253, 92211, 92210, 92203, 92202, 92201",daily,18.9, ,24.4, ,13.4, ,7.2, ,5.79, ,0.0, ,47.0, ,63.0, ,32.0, ,20.2, ,269.0, ,1.0, ,266.1, ,3.1, ,36,33.678186,-116.27299
2013-04-16,106,208,metric,"92253, 92211, 92210, 92203, 92202, 92201",daily,16.9, ,21.7, ,12.3, ,1.8, ,6.21, ,0.0, ,36.0, ,52.0, ,24.0, ,19.5, ,302.0, ,0.7, ,285.5, ,3.3, ,36,33.678186,-116.27299
2013-04-17,107,208,metric,"92253, 92211, 92210, 92203, 92202, 92201",daily,17.9, ,23.6, ,12.1, ,-4.9,Y,6.66, ,0.0, ,21.0,Y,36.0, ,10.0, ,18.7, ,317.0, ,0.4,Y,259.1, ,3.0, ,36,33.678186,-116.27299
2013-04-18,108,208,metric,"92253, 92211, 92210, 92203, 92202, 92201",daily,18.1, ,25.8, ,12.2, ,-3.7, ,5.76, ,0.0, ,22.0, ,49.0, ,10.0, ,18.4, ,320.0, ,0.5, ,139.9, ,1.6, ,36,33.678186,-116.27299
2013-04-19,109,208,metric,"92253, 92211, 92210, 92203, 92202, 92201",daily,19.9, ,29.4, ,8.7, ,-0.3, ,5.85, ,0.0, ,26.0, ,59.0, ,11.0, ,18.8, ,319.0, ,0.6, ,120.2, ,1.4, ,36,33.678186,-116.27299
2013-04-20,110,208,metric,"92253, 92211, 92210, 92203, 92202, 92201",daily,22.4, ,32.2, ,11.9, ,4.2, ,6.16, ,0.0, ,31.0, ,61.0, ,13.0, ,19.7, ,314.0, ,0.8, ,126.0, ,1.5, ,36,33.678186,-116.27299
2013-04-21,111,208,metric,"92253, 92211, 92210, 92203, 92202, 92201",daily,23.9, ,32.2, ,13.8, ,7.0, ,6.36, ,0.0, ,34.0, ,73.0, ,14.0, ,20.5, ,307.0, ,1.0, ,129.7, ,1.5, ,36,33.678186,-116.27299
2013-04-22,112,208,metric,"92253, 92211, 92210, 92203, 92202, 92201",daily,24.0, ,32.5, ,14.6, ,7.0, ,6.43, ,0.0, ,34.0, ,68.0, ,17.0, ,21.2, ,311.0, ,1.0, ,154.5, ,1.8, ,36,33.678186,-116.27299
2013-04-23,113,208,metric,"92253, 92211, 92210, 92203, 92202, 92201",daily,24.8, ,33.1, ,16.0, ,4.8, ,6.37, ,0.0, ,27.0, ,65.0, ,12.0, ,21.5, ,309.0, ,0.9, ,143.3, ,1.7, ,36,33.678186,-116.27299
2013-04-24,114,208,metric,"92253, 92211, 92210, 92203, 92202, 92201",daily,22.2, ,30.5, ,15.5, ,7.9, ,6.23, ,0.0, ,40.0, ,71.0, ,11.0, ,21.7, ,289.0, ,1.1, ,209.9, ,2.4, ,36,33.678186,-116.27299
2013-04-25,115,208,metric,"92253, 92211, 92210, 92203, 92202, 92201",daily,21.5, ,27.4, ,15.7, ,8.3, ,6.6, ,0.0, ,43.0, ,60.0, ,29.0, ,21.3, ,307.0, ,1.1, ,275.9, ,3.2, ,36,33.678186,-116.27299
2013-04-26,116,208,metric,"92253, 92211, 92210, 92203, 92202, 92201",daily,22.9, ,30.6, ,14.5, ,9.4, ,5.99, ,0.0, ,42.0, ,71.0, ,21.0, ,21.5, ,310.0, ,1.2, ,132.5, ,1.5, ,36,33.678186,-116.27299
2013-04-27,117,208,metric,"92253, 92211, 92210, 92203, 92202, 92201",daily,29.1, ,37.5, ,18.5, ,3.8, ,7.49, ,0.0, ,20.0, ,47.0, ,8.0, ,22.2, ,324.0, ,0.8, ,169.4, ,2.0, ,36,33.678186,-116.27299
2013-04-28,118,208,metric,"92253, 92211, 92210, 92203, 92202, 92201",daily,30.7, ,39.9,Y,18.9, ,3.9, ,7.66, ,0.0, ,18.0, ,47.0, ,8.0, ,22.8, ,324.0, ,0.8, ,163.0, ,1.9, ,36,33.678186,-116.27299
2013-04-29,119,208,metric,"92253, 92211, 92210, 92203, 92202, 92201",daily,30.4, ,38.5, ,21.0,Y,5.8, ,7.63, ,0.0, ,21.0, ,47.0, ,11.0, ,23.4, ,320.0, ,0.9, ,168.7, ,2.0, ,36,33.678186,-116.27299
2013-04-30,120,208,metric,"92253, 92211, 92210, 92203, 92202, 92201",daily,26.8, ,34.5, ,19.4, ,7.5, ,7.63, ,0.0, ,29.0, ,57.0, ,16.0, ,23.4, ,323.0, ,1.0, ,236.2, ,2.7, ,36,33.678186,-116.27299
2013-05-01,121,208,metric,"92253, 92211, 92210, 92203, 92202, 92201",daily,26.2, ,34.2, ,17.2, ,3.6, ,7.16, ,0.0, ,23.0, ,64.0, ,9.0, ,23.1, ,323.0, ,0.8, ,187.5, ,2.2, ,36,33.678186,-116.27299
2013-05-02,122,208,metric,"92253, 92211, 92210, 92203, 92202, 92201",daily,26.6, ,32.0, ,0.0,S,-3.4,Y,7.05, ,0.0, ,14.0,Y,34.0, ,7.0, ,22.4, ,434.0,R,0.5,Y,158.0, ,1.8, ,36,33.678186,-116.27299
2013-05-03,123,208,metric,"92253, 92211, 92210, 92203, 92202, 92201",daily,25.4, ,33.4, ,15.0, ,1.3, ,6.98, ,0.0, ,21.0, ,53.0, ,10.0, ,22.0, ,325.0, ,0.7, ,141.8, ,1.6, ,36,33.678186,-116.27299
2013-05-04,124,208,metric,"92253, 92211, 92210, 92203, 92202, 92201",daily,25.5, ,34.5, ,16.2, ,2.6, ,7.23, ,0.0, ,23.0, ,48.0, ,11.0, ,22.2, ,313.0, ,0.7, ,192.2, ,2.2, ,36,33.678186,-116.27299
2013-05-05,125,208,metric,"92253, 92211, 92210, 92203, 92202, 92201",daily,21.1, ,26.7, ,16.2, ,7.6, ,4.92, ,0.0, ,42.0, ,67.0, ,30.0, ,21.9, ,205.0, ,1.0, ,230.8, ,2.7, ,36,33.678186,-116.27299
2013-05-06,126,208,metric,"92253, 92211, 92210, 92203, 92202, 92201",daily,20.0, ,25.5, ,15.3, ,8.4, ,4.19, ,0.0, ,47.0, ,72.0, ,35.0, ,21.4, ,223.0, ,1.1, ,235.3, ,2.7, ,36,33.678186,-116.27299
2013-05-07,127,208,metric,"92253, 92211, 92210, 92203, 92202, 92201",daily,20.0, ,25.3, ,14.9, ,6.8, ,5.74, ,0.0, ,42.0, ,61.0, ,28.0, ,21.0, ,294.0, ,1.0, ,212.0, ,2.5, ,36,33.678186,-116.27299
2013-05-08,128,208,metric,"92253, 92211, 92210, 92203, 92202, 92201",daily,20.9, ,26.9, ,15.3, ,7.9, ,6.09, ,0.0, ,43.0, ,60.0, ,25.0, ,21.2, ,305.0, ,1.1, ,220.1, ,2.5, ,36,33.678186,-116.27299
2013-05-09,129,208,metric,"92253, 92211, 92210, 92203, 92202, 92201",daily,22.8, ,30.1, ,16.2, ,9.2, ,6.43, ,0.0, ,42.0, ,62.0, ,25.0, ,21.6, ,295.0, ,1.2, ,219.3, ,2.5, ,36,33.678186,-116.27299
2013-05-10,130,208,metric,"92253, 92211, 92210, 92203, 92202, 92201",daily,26.9, ,34.9, ,18.3, ,9.7, ,6.98, ,0.0, ,34.0, ,66.0, ,17.0, ,22.4, ,327.0, ,1.2, ,190.3, ,2.2, ,36,33.678186,-116.27299
2013-05-11,131,208,metric,"92253, 92211, 92210, 92203, 92202, 92201",daily,29.5, ,37.7, ,20.5, ,8.6, ,7.19, ,0.0, ,27.0, ,54.0, ,12.0, ,23.5, ,332.0, ,1.1, ,130.2, ,1.5, ,36,33.678186,-116.27299
2013-05-12,132,208,metric,"92253, 92211, 92210, 92203, 92202, 92201",daily,29.2, ,37.5, ,20.2, ,9.4, ,7.44, ,0.0, ,29.0, ,63.0, ,14.0, ,23.9, ,332.0, ,1.2, ,147.1, ,1.7, ,36,33.678186,-116.27299
2013-05-13,133,208,metric,"92253, 92211, 92210, 92203, 92202, 92201",daily,29.9, ,39.0, ,18.9, ,9.8, ,7.65, ,0.0, ,29.0, ,68.0, ,12.0, ,24.2, ,332.0, ,1.2, ,155.8, ,1.8, ,36,33.678186,-116.27299
2013-05-14,134,208,metric,"92253, 92211, 92210, 92203, 92202, 92201",daily,30.7, ,38.2, ,21.7, ,5.1, ,8.5, ,0.0, ,20.0, ,36.0, ,7.0, ,24.4, ,331.0, ,0.9, ,235.2, ,2.7, ,36,33.678186,-116.27299
2013-05-15,135,208,metric,"92253, 92211, 92210, 92203, 92202, 92201",daily,27.4, ,36.3, ,17.5, ,6.4, ,7.29, ,0.0, ,26.0, ,58.0, ,14.0, ,23.9, ,337.0, ,1.0, ,170.7, ,2.0, ,36,33.678186,-116.27299
2013-05-16,136,208,metric,"92253, 92211, 92210, 92203, 92202, 92201",daily,26.3, ,34.5, ,19.6, ,10.4, ,7.04, ,0.0, ,37.0, ,58.0, ,16.0, ,24.3, ,332.0, ,1.3, ,198.2, ,2.3, ,36,33.678186,-116.27299
2013-05-17,137,208,metric,"92253, 92211, 92210, 92203, 92202, 92201",daily,24.0, ,31.4, ,19.6, ,10.7, ,6.39, ,0.0, ,43.0, ,59.0, ,25.0, ,24.0, ,282.0, ,1.3, ,257.6, ,3.0, ,36,33.678186,-116.27299
2013-05-18,138,208,metric,"92253, 92211, 92210, 92203, 92202, 92201",daily,24.9, ,34.2, ,18.2, ,10.4, ,6.79, ,0.0, ,40.0, ,66.0, ,18.0, ,23.9, ,330.0, ,1.3, ,208.0, ,2.4, ,36,33.678186,-116.27299
2013-05-19,139,208,metric,"92253, 92211, 92210, 92203, 92202, 92201",daily,26.8, ,34.8, ,19.2, ,10.1, ,7.21, ,0.0, ,35.0, ,62.0, ,16.0, ,24.2, ,338.0, ,1.2, ,194.7, ,2.3, ,36,33.678186,-116.27299
2013-05-20,140,208,metric,"92253, 92211, 92210, 92203, 92202, 92201",daily,28.5, ,36.0, ,17.8, ,7.0, ,7.21, ,0.0, ,26.0, ,68.0, ,12.0, ,24.6, ,339.0, ,1.0, ,144.5, ,1.7, ,36,33.678186,-116.27299
2013-05-21,141,208,metric,"92253, 92211, 92210, 92203, 92202, 92201",daily,29.3, ,36.1, ,18.8, ,6.9, ,7.59, ,0.0, ,24.0, ,65.0, ,14.0, ,24.9, ,328.0, ,1.0, ,152.7, ,1.8, ,36,33.678186,-116.27299
2013-05-22,142,208,metric,"92253, 92211, 92210, 92203, 92202, 92201",daily,27.6, ,34.8, ,18.4, ,4.7, ,8.03, ,0.0, ,23.0, ,56.0, ,7.0, ,24.8, ,345.0, ,0.9, ,227.1, ,2.6, ,36,33.678186,-116.27299
2013-05-23,143,208,metric,"92253, 92211, 92210, 92203, 92202, 92201",daily,23.5, ,31.3, ,16.3, ,7.5, ,6.97, ,0.0, ,36.0, ,59.0, ,15.0, ,24.2, ,342.0, ,1.0, ,215.0, ,2.5, ,36,33.678186,-116.27299
2013-05-24,144,208,metric,"92253, 92211, 92210, 92203, 92202, 92201",daily,24.1, ,31.7, ,16.3, ,7.2, ,7.0, ,0.0, ,34.0, ,65.0, ,16.0, ,24.0, ,341.0, ,1.0, ,206.3, ,2.4, ,36,33.678186,-116.27299
2013-05-25,145,208,metric,"92253, 92211, 92210, 92203, 92202, 92201",daily,24.7, ,32.5, ,17.7, ,5.8, ,7.16, ,0.0, ,30.0, ,52.0, ,14.0, ,24.1, ,345.0, ,0.9, ,207.4, ,2.4, ,36,33.678186,-116.27299
2013-05-26,146,208,metric,"92253, 92211, 92210, 92203, 92202, 92201",daily,24.7, ,31.8, ,17.5, ,8.2, ,7.05, ,0.0, ,35.0, ,59.0, ,18.0, ,24.2, ,343.0, ,1.1, ,205.5, ,2.4, ,36,33.678186,-116.27299
2013-05-27,147,208,metric,"92253, 92211, 92210, 92203, 92202, 92201",daily,26.0, ,34.6, ,18.1, ,9.7, ,7.1, ,0.0, ,36.0, ,61.0, ,17.0, ,24.5, ,338.0, ,1.2, ,196.1, ,2.3, ,36,33.678186,-116.27299
2013-05-28,148,208,metric,"92253, 92211, 92210, 92203, 92202, 92201",daily,25.2, ,31.3, ,19.8, ,12.2, ,7.26,R,0.0, ,44.0, ,60.0, ,30.0, ,24.7, ,316.0, ,1.4, ,266.0, ,3.1, ,36,33.678186,-116.27299
2013-05-29,149,208,metric,"92253, 92211, 92210, 92203, 92202, 92201",daily,27.8, ,34.7, ,18.8, ,10.9, ,7.27, ,0.0, ,35.0, ,70.0, ,21.0, ,24.9, ,333.0, ,1.3, ,161.0, ,1.9, ,36,33.678186,-116.27299
2013-05-30,150,208,metric,"92253, 92211, 92210, 92203, 92202, 92201",daily,27.9, ,34.3, ,20.5, ,13.3, ,7.11, ,0.0, ,41.0, ,63.0, ,24.0, ,25.7, ,331.0, ,1.5, ,153.0, ,1.8, ,36,33.678186,-116.27299
2013-05-31,151,208,metric,"92253, 92211, 92210, 92203, 92202, 92201",daily,27.9, ,35.1, ,19.7, ,15.4, ,7.07, ,0.0, ,47.0, ,85.0, ,23.0, ,26.3, ,333.0, ,1.8, ,131.6, ,1.5, ,36,33.678186,-116.27299
2013-06-01,152,208,metric,"92253, 92211, 92210, 92203, 92202, 92201",daily,31.0, ,42.1, ,20.3, ,12.7, ,6.25, ,0.0, ,33.0, ,81.0, ,9.0, ,26.7, ,299.0, ,1.5, ,89.9, ,1.0, ,36,33.678186,-116.27299
2013-06-02,153,208,metric,"92253, 92211, 92210, 92203, 92202, 92201",daily,30.7, ,39.5, ,22.0, ,11.7, ,7.76, ,0.0, ,31.0, ,69.0, ,15.0, ,27.2, ,336.0, ,1.4, ,185.5, ,2.1, ,36,33.678186,-116.27299
2013-06-03,154,208,metric,"92253, 92211, 92210, 92203, 92202, 92201",daily,29.2, ,37.4, ,22.6, ,9.9, ,7.48, ,0.0, ,30.0, ,55.0, ,15.0, ,27.1, ,342.0, ,1.2, ,186.7, ,2.2, ,36,33.678186,-116.27299
2013-06-04,155,208,metric,"92253, 92211, 92210, 92203, 92202, 92201",daily,28.1, ,37.7, ,19.7, ,10.9, ,7.33, ,0.0, ,34.0, ,65.0, ,13.0, ,26.9, ,346.0, ,1.3, ,189.4, ,2.2, ,36,33.678186,-116.27299
2013-06-05,156,208,metric,"92253, 92211, 92210, 92203, 92202, 92201",daily,29.5, ,38.3, ,19.3, ,10.6, ,7.41, ,0.0, ,31.0, ,71.0, ,14.0, ,26.8, ,347.0, ,1.3, ,162.7, ,1.9, ,36,33.678186,-116.27299
2013-06-06,157,208,metric,"92253, 92211, 92210, 92203, 92202, 92201",daily,31.4, ,41.1, ,23.0, ,9.9, ,7.76, ,0.0, ,27.0, ,47.0, ,12.0, ,27.1, ,343.0, ,1.2, ,171.8, ,2.0, ,36,33.678186,-116.27299
2013-06-07,158,208,metric,"92253, 92211, 92210, 92203, 92202, 92201",daily,32.0, ,39.7, ,22.1, ,11.9, ,7.82, ,0.0, ,29.0, ,63.0, ,16.0, ,27.4, ,340.0, ,1.4, ,166.0, ,1.9, ,36,33.678186,-116.27299
2013-06-08,159,208,metric,"92253, 92211, 92210, 92203, 92202, 92201",daily,29.9, ,37.3, ,22.2, ,14.8, ,7.17, ,0.0, ,40.0, ,69.0, ,17.0, ,27.5, ,334.0, ,1.7, ,141.5, ,1.6, ,36,33.678186,-116.27299
2013-06-09,160,208,metric,"92253, 92211, 92210, 92203, 92202, 92201",daily,28.4, ,35.6, ,20.3, ,14.6, ,6.2, ,0.0, ,43.0, ,86.0, ,16.0, ,27.8, ,302.0, ,1.7, ,125.4, ,1.5, ,36,33.678186,-116.27299
2013-06-10,161,208,metric,"92253, 92211, 92210, 92203, 92202, 92201",daily,28.6, ,37.9, ,19.3, ,9.0, ,7.64, ,0.0, ,29.0, ,61.0, ,11.0, ,27.5, ,341.0, ,1.1, ,166.1, ,1.9, ,36,33.678186,-116.27299
2013-06-11,162,208,metric,"92253, 92211, 92210, 92203, 92202, 92201",daily,30.3, ,38.1, ,19.9, ,9.3, ,6.33, ,0.0, ,27.0, ,56.0, ,12.0, ,27.0, ,290.0, ,1.2, ,138.0, ,1.6, ,36,33.678186,-116.27299
2013-06-12,163,208,metric,"92253, 92211, 92210, 92203, 92202, 92201",daily,30.6, ,38.6, ,23.4, ,12.4, ,7.75, ,0.0, ,33.0, ,60.0, ,19.0, ,27.4, ,316.0, ,1.4, ,209.5, ,2.4, ,36,33.678186,-116.27299
2013-06-13,164,208,metric,"92253, 92211, 92210, 92203, 92202, 92201",daily,30.9, ,39.9, ,22.0, ,9.2, ,7.83, ,0.0, ,26.0, ,53.0, ,12.0, ,27.2, ,349.0, ,1.2, ,188.4, ,2.2, ,36,33.678186,-116.27299
2013-06-14,165,208,metric,"92253, 92211, 92210, 92203, 92202, 92201",daily,29.5, ,38.1, ,20.3, ,10.3, ,7.61, ,0.0, ,30.0, ,59.0, ,13.0, ,27.1, ,347.0, ,1.3, ,187.9, ,2.2, ,36,33.678186,-116.27299
2013-06-15,166,208,metric,"92253, 92211, 92210, 92203, 92202, 92201",daily,29.0, ,38.4, ,19.3, ,8.2, ,7.64, ,0.0, ,27.0, ,67.0, ,8.0, ,27.0, ,355.0, ,1.1, ,189.3, ,2.2, ,36,33.678186,-116.27299
2013-06-16,167,208,metric,"92253, 92211, 92210, 92203, 92202, 92201",daily,29.6, ,39.6, ,18.2, ,7.7, ,7.5, ,0.0, ,25.0, ,62.0, ,9.0, ,26.7, ,361.0, ,1.0, ,158.6, ,1.8, ,36,33.678186,-116.27299
2013-06-17,168,208,metric,"92253, 92211, 92210, 92203, 92202, 92201",daily,31.0, ,40.0, ,20.5, ,8.2, ,7.75, ,0.0, ,24.0, ,55.0, ,9.0, ,27.0, ,349.0, ,1.1, ,166.4, ,1.9, ,36,33.678186,-116.27299
2013-06-18,169,208,metric,"92253, 92211, 92210, 92203, 92202, 92201",daily,30.6, ,38.0, ,22.0, ,9.5, ,7.98, ,0.0, ,27.0, ,56.0, ,14.0, ,27.1, ,342.0, ,1.2, ,190.8, ,2.2, ,36,33.678186,-116.27299
2013-06-19,170,208,metric,"92253, 92211, 92210, 92203, 92202, 92201",daily,30.0, ,37.7, ,23.6, ,7.3, ,7.96, ,0.0, ,24.0, ,46.0, ,13.0, ,26.9, ,351.0, ,1.0, ,206.8, ,2.4, ,36,33.678186,-116.27299
2013-06-20,171,208,metric,"92253, 92211, 92210, 92203, 92202, 92201",daily,29.5, ,38.0, ,20.7, ,8.6, ,7.73, ,0.0, ,27.0, ,56.0, ,12.0, ,26.7, ,348.0, ,1.1, ,188.8, ,2.2, ,36,33.678186,-116.27299
2013-06-21,172,208,metric,"92253, 92211, 92210, 92203, 92202, 92201",daily,29.0, ,36.9, ,20.2, ,8.7, ,7.66, ,0.0, ,28.0, ,55.0, ,16.0, ,26.6, ,338.0, ,1.1, ,180.3, ,2.1, ,36,33.678186,-116.27299
2013-06-22,173,208,metric,"92253, 92211, 92210, 92203, 92202, 92201",daily,29.8, ,38.7, ,20.9, ,9.3, ,7.61, ,0.0, ,28.0, ,47.0, ,14.0, ,26.6, ,344.0, ,1.2, ,173.8, ,2.0, ,36,33.678186,-116.27299
2013-06-23,174,208,metric,"92253, 92211, 92210, 92203, 92202, 92201",daily,28.8, ,37.0, ,22.1, ,11.3, ,7.4, ,0.0, ,34.0, ,55.0, ,19.0, ,26.9, ,326.0, ,1.3, ,185.7, ,2.1, ,36,33.678186,-116.27299
2013-06-24,175,208,metric,"92253, 92211, 92210, 92203, 92202, 92201",daily,26.8, ,33.9, ,20.4, ,12.1, ,7.07, ,0.0, ,40.0, ,60.0, ,25.0, ,26.5, ,320.0, ,1.4, ,242.9, ,2.8, ,36,33.678186,-116.27299
2013-06-25,176,208,metric,"92253, 92211, 92210, 92203, 92202, 92201",daily,29.5, ,38.6, ,21.8, ,13.8, ,7.1, ,0.0, ,38.0, ,62.0, ,22.0, ,26.7, ,331.0, ,1.6, ,159.8, ,1.9, ,36,33.678186,-116.27299
2013-06-26,177,208,metric,"92253, 92211, 92210, 92203, 92202, 92201",daily,31.4, ,37.6, ,24.4, ,16.4, ,7.2, ,0.0, ,41.0, ,70.0, ,25.0, ,27.7, ,326.0, ,1.9, ,143.4, ,1.7, ,36,33.678186,-116.27299
2013-06-27,178,208,metric,"92253, 92211, 92210, 92203, 92202, 92201",daily,32.2, ,39.4, ,23.7, ,15.8, ,7.39, ,0.0, ,37.0, ,71.0, ,22.0, ,28.3, ,327.0, ,1.8, ,137.4, ,1.6, ,36,33.678186,-116.27299
2013-06-28,179,208,metric,"92253, 92211, 92210, 92203, 92202, 92201",daily,36.6, ,45.2, ,27.6,Y,12.3, ,8.37, ,0.0, ,23.0, ,45.0, ,13.0, ,28.8, ,320.0, ,1.4, ,179.5, ,2.1, ,36,33.678186,-116.27299
2013-06-29,180,208,metric,"92253, 92211, 92210, 92203, 92202, 92201",daily,37.3, ,47.1,Y,27.8,Y,13.5, ,7.72, ,0.0, ,24.0, ,46.0, ,11.0, ,28.9, ,286.0, ,1.6, ,162.0, ,1.9, ,36,33.678186,-116.27299
2013-06-30,181,208,metric,"92253, 92211, 92210, 92203, 92202, 92201",daily,33.4, ,40.3, ,25.5, ,18.6, ,7.1, ,0.0, ,42.0, ,75.0, ,23.0, ,29.2, ,307.0, ,2.1, ,134.8, ,1.6, ,36,33.678186,-116.27299
2013-07-01,182,208,metric,"92253, 92211, 92210, 92203, 92202, 92201",daily,37.2, ,41.6, ,0.0,S,17.5, ,7.49, ,0.0, ,32.0, ,70.0, ,24.0, ,30.1, ,382.0, ,2.0, ,170.6, ,2.0, ,36,33.678186,-116.27299
2013-07-02,183,208,metric,"92253, 92211, 92210, 92203, 92202, 92201",daily,33.7, ,40.4, ,28.1, ,16.8, ,6.19, ,0.0, ,37.0, ,56.0, ,24.0, ,29.4, ,239.0, ,1.9, ,175.5, ,2.0, ,36,33.678186,-116.27299
2013-07-03,184,208,metric,"92253, 92211, 92210, 92203, 92202, 92201",daily,35.8, ,42.9, ,27.9, ,11.8, ,8.27, ,0.0, ,24.0, ,39.0, ,16.0, ,29.1, ,306.0, ,1.4, ,169.7, ,2.0, ,36,33.678186,-116.27299
2013-07-04,185,208,metric,"92253, 92211, 92210, 92203, 92202, 92201",daily,33.7, ,39.7, ,28.5, ,16.3, ,7.69, ,0.0, ,35.0, ,60.0, ,23.0, ,29.0, ,316.0, ,1.9, ,174.0, ,2.0, ,36,33.678186,-116.27299
2013-07-05,186,208,metric,"92253, 92211, 92210, 92203, 92202, 92201",daily,31.3, ,37.6, ,25.9, ,19.5, ,5.47, ,0.0, ,50.0, ,76.0, ,26.0, ,29.1, ,248.0, ,2.3, ,130.5, ,1.5, ,36,33.678186,-116.27299
2013-07-06,187,208,metric,"92253, 92211, 92210, 92203, 92202, 92201",daily,32.0, ,38.4, ,24.4, ,15.9, ,6.36, ,0.0, ,38.0, ,71.0, ,24.0, ,29.1, ,282.0, ,1.8, ,111.9, ,1.3, ,36,33.678186,-116.27299
2013-07-07,188,208,metric,"92253, 92211, 92210, 92203, 92202, 92201",daily,34.3, ,43.0, ,25.2, ,13.2, ,7.9, ,0.0, ,28.0, ,62.0, ,14.0, ,29.3, ,323.0, ,1.5, ,162.5, ,1.9, ,36,33.678186,-116.27299
2013-07-08,189,208,metric,"92253, 92211, 92210, 92203, 92202, 92201",daily,36.2, ,43.1, ,27.1, ,9.3, ,8.52, ,0.0, ,19.0, ,35.0, ,11.0, ,28.9, ,338.0, ,1.2, ,164.1, ,1.9, ,36,33.678186,-116.27299
2013-07-09,190,208,metric,"92253, 92211, 92210, 92203, 92202, 92201",daily,32.9, ,38.9, ,28.2, ,21.1, ,6.69, ,0.0, ,50.0, ,75.0, ,16.0, ,29.2, ,287.0, ,2.5, ,178.2, ,2.1, ,36,33.678186,-116.27299
2013-07-10,191,208,metric,"92253, 92211, 92210, 92203, 92202, 92201",daily,30.6, ,33.7,Y,27.0, ,22.6, ,3.91, ,0.0, ,63.0, ,79.0, ,36.0, ,29.7, ,180.0, ,2.8, ,154.2, ,1.8, ,36,33.678186,-116.27299
2013-07-11,192,208,metric,"92253, 92211, 92210, 92203, 92202, 92201",daily,28.7, ,32.5,Y,26.2, ,19.6, ,2.36, ,0.0, ,58.0, ,72.0, ,44.0, ,29.1, ,122.0, ,2.3, ,91.4, ,1.1, ,36,33.678186,-116.27299
2013-07-12,193,208,metric,"92253, 92211, 92210, 92203, 92202, 92201",daily,32.3, ,39.5, ,25.8, ,17.0, ,6.92, ,0.0, ,40.0, ,67.0, ,26.0, ,29.2, ,300.0, ,1.9, ,150.5, ,1.7, ,36,33.678186,-116.27299
2013-07-13,194,208,metric,"92253, 92211, 92210, 92203, 92202, 92201",daily,33.3, ,39.9, ,25.1, ,14.8, ,7.85, ,0.0, ,33.0, ,53.0, ,23.0, ,29.4, ,318.0, ,1.7, ,168.7, ,2.0, ,36,33.678186,-116.27299
2013-07-14,195,208,metric,"92253, 92211, 92210, 92203, 92202, 92201",daily,34.2, ,40.6, ,25.3, ,15.0, ,7.87, ,0.0, ,32.0, ,62.0, ,22.0, ,29.3, ,312.0, ,1.7, ,156.5, ,1.8, ,36,33.678186,-116.27299
2013-07-15,196,208,metric,"92253, 92211, 92210, 92203, 92202, 92201",daily,34.2, ,41.6, ,27.0, ,11.8, ,8.06, ,0.0, ,26.0, ,45.0, ,15.0, ,29.5, ,319.0, ,1.4, ,158.0, ,1.8, ,36,33.678186,-116.27299
2013-07-16,197,208,metric,"92253, 92211, 92210, 92203, 92202, 92201",daily,33.7, ,40.9, ,25.9, ,6.3, ,8.42, ,0.0, ,18.0, ,29.0, ,12.0, ,28.8, ,315.0, ,1.0, ,190.6, ,2.2, ,36,33.678186,-116.27299
2013-07-17,198,208,metric,"92253, 92211, 92210, 92203, 92202, 92201",daily,30.8, ,38.9, ,21.1, ,8.4, ,6.58, ,0.0, ,25.0, ,51.0, ,12.0, ,28.0, ,282.0, ,1.1, ,114.7, ,1.3, ,36,33.678186,-116.27299
2013-07-18,199,208,metric,"92253, 92211, 92210, 92203, 92202, 92201",daily,33.5, ,42.1, ,23.0, ,7.3, ,7.45, ,0.0, ,20.0, ,40.0, ,12.0, ,27.9, ,287.0, ,1.0, ,134.5, ,1.6, ,36,33.678186,-116.27299
2013-07-19,200,208,metric,"92253, 92211, 92210, 92203, 92202, 92201",daily,31.7, ,36.6, ,27.6, ,21.3, ,5.55, ,0.0, ,54.0, ,73.0, ,29.0, ,28.6, ,249.0, ,2.5, ,164.6, ,1.9, ,36,33.678186,-116.27299
2013-07-20,201,208,metric,"92253, 92211, 92210, 92203, 92202, 92201",daily,30.5, ,34.3,Y,27.2, ,23.1, ,4.25, ,0.0, ,65.0, ,82.0, ,51.0, ,29.4, ,209.0, ,2.8, ,141.5, ,1.6, ,36,33.678186,-116.27299
2013-07-21,202,208,metric,"92253, 92211, 92210, 92203, 92202, 92201",daily,27.9, ,29.9,R,24.8, ,23.3, ,2.48,R,0.0, ,76.0, ,89.0, ,68.0, ,29.3, ,144.0, ,2.9, ,137.9, ,1.6, ,36,33.678186,-116.27299
2013-07-22,203,208,metric,"92253, 92211, 92210, 92203, 92202, 92201",daily,30.2, ,35.9, ,24.1, ,20.2, ,6.08, ,0.0, ,55.0, ,87.0, ,37.0, ,29.2, ,287.0, ,2.4, ,132.0, ,1.5, ,36,33.678186,-116.27299
2013-07-23,204,208,metric,"92253, 92211, 92210, 92203, 92202, 92201",daily,32.4, ,39.1, ,25.6, ,17.2, ,7.22, ,0.0, ,40.0, ,63.0, ,27.0, ,29.7, ,307.0, ,2.0, ,164.8, ,1.9, ,36,33.678186,-116.27299
2013-07-24,205,208,metric,"92253, 92211, 92210, 92203, 92202, 92201",daily,33.9, ,41.2, ,27.3, ,16.0, ,7.67, ,0.0, ,35.0, ,53.0, ,23.0, ,29.7, ,308.0, ,1.8, ,175.9, ,2.0, ,36,33.678186,-116.27299
2013-07-25,206,208,metric,"92253, 92211, 92210, 92203, 92202, 92201",daily,32.4, ,37.5, ,25.4, ,18.4, ,6.32, ,0.0, ,43.0, ,61.0, ,32.0, ,29.3, ,263.0, ,2.1, ,159.1, ,1.8, ,36,33.678186,-116.27299
2013-07-26,207,208,metric,"92253, 92211, 92210, 92203, 92202, 92201",daily,31.8, ,36.6, ,28.0, ,18.5, ,4.5, ,0.0, ,45.0, ,63.0, ,35.0, ,29.6, ,188.0, ,2.1, ,126.6, ,1.5, ,36,33.678186,-116.27299
2013-07-27,208,208,metric,"92253, 92211, 92210, 92203, 92202, 92201",daily,34.1, ,41.6, ,26.5, ,15.9, ,7.54, ,0.0, ,34.0, ,60.0, ,23.0, ,29.9, ,304.0, ,1.8, ,163.4, ,1.9, ,36,33.678186,-116.27299
2013-07-28,209,208,metric,"92253, 92211, 92210, 92203, 92202, 92201",daily,33.4, ,40.8, ,24.7, ,9.7, ,8.25, ,0.0, ,23.0, ,45.0, ,10.0, ,29.8, ,316.0, ,1.2, ,198.0, ,2.3, ,36,33.678186,-116.27299
2013-07-29,210,208,metric,"92253, 92211, 92210, 92203, 92202, 92201",daily,31.6, ,39.1, ,22.0, ,8.8, ,7.63, ,0.0, ,24.0, ,51.0, ,13.0, ,28.4, ,320.0, ,1.1, ,149.0, ,1.7, ,36,33.678186,-116.27299
2013-07-30,211,208,metric,"92253, 92211, 92210, 92203, 92202, 92201",daily,31.4, ,38.4, ,23.5, ,13.8, ,7.29, ,0.0, ,34.0, ,53.0, ,21.0, ,28.5, ,311.0, ,1.6, ,152.2, ,1.8, ,36,33.678186,-116.27299
2013-07-31,212,208,metric,"92253, 92211, 92210, 92203, 92202, 92201",daily,31.6, ,39.3, ,23.5, ,13.6, ,7.44, ,0.0, ,33.0, ,52.0, ,18.0, ,28.5, ,308.0, ,1.6, ,167.8, ,1.9, ,36,33.678186,-116.27299
2013-08-01,213,208,metric,"92253, 92211, 92210, 92203, 92202, 92201",daily,30.8, ,41.1, ,20.9, ,9.6, ,7.3, ,0.0, ,27.0, ,58.0, ,12.0, ,28.0, ,326.0, ,1.2, ,136.3, ,1.6, ,36,33.678186,-116.27299
2013-08-02,214,208,metric,"92253, 92211, 92210, 92203, 92202, 92201",daily,30.6, ,39.1, ,22.5, ,10.6, ,7.16, ,0.0, ,29.0, ,53.0, ,14.0, ,27.5, ,301.0, ,1.3, ,165.8, ,1.9, ,36,33.678186,-116.27299
2013-08-03,215,208,metric,"92253, 92211, 92210, 92203, 92202, 92201",daily,30.0, ,38.7, ,20.3, ,11.3, ,6.56, ,0.0, ,32.0, ,74.0, ,11.0, ,27.4, ,295.0, ,1.3, ,130.4, ,1.5, ,36,33.678186,-116.27299
2013-08-04,216,208,metric,"92253, 92211, 92210, 92203, 92202, 92201",daily,31.3, ,39.9, ,22.0, ,11.5, ,7.3, ,0.0, ,30.0, ,64.0, ,15.0, ,27.4, ,315.0, ,1.4, ,143.9, ,1.7, ,36,33.678186,-116.27299
2013-08-05,217,208,metric,"92253, 92211, 92210, 92203, 92202, 92201",daily,32.8,H,38.0, ,0.0,S,11.6, ,6.67,R,0.0,H,27.0, ,60.0,H,17.0,H,27.3,H,386.0,R,1.4,H,158.8,H,1.8,H,36,33.678186,-116.27299
2013-08-06,218,208,metric,"92253, 92211, 92210, 92203, 92202, 92201",daily,30.5, ,37.8, ,21.8, ,9.5, ,7.37, ,0.0, ,27.0, ,51.0, ,18.0, ,27.2, ,313.0, ,1.2, ,145.3, ,1.7, ,36,33.678186,-116.27299
2013-08-07,219,208,metric,"92253, 92211, 92210, 92203, 92202, 92201",daily,30.4, ,40.0, ,19.6, ,6.2, ,7.05, ,0.0, ,22.0, ,61.0, ,11.0, ,26.6, ,297.0, ,1.0, ,143.7, ,1.7, ,36,33.678186,-116.27299
2013-08-08,220,208,metric,"92253, 92211, 92210, 92203, 92202, 92201",daily,31.7, ,39.0, ,24.8, ,4.2,Y,7.91, ,0.0, ,18.0,Y,28.0, ,10.0, ,26.3, ,310.0, ,0.8,Y,182.0, ,2.1, ,36,33.678186,-116.27299
2013-08-09,221,208,metric,"92253, 92211, 92210, 92203, 92202, 92201",daily,31.0, ,39.4, ,23.7, ,4.2,Y,7.99, ,0.0, ,18.0,Y,34.0, ,10.0, ,26.3, ,317.0, ,0.8,Y,214.0, ,2.5, ,36,33.678186,-116.27299
2013-08-10,222,208,metric,"92253, 92211, 92210, 92203, 92202, 92201",daily,29.5, ,37.0, ,21.9, ,7.5, ,7.47, ,0.0, ,25.0, ,49.0, ,13.0, ,25.8, ,319.0, ,1.0, ,180.9, ,2.1, ,36,33.678186,-116.27299
2013-08-11,223,208,metric,"92253, 92211, 92210, 92203, 92202, 92201",daily,29.4, ,37.1, ,19.8, ,10.3, ,7.13, ,0.0, ,30.0, ,66.0, ,14.0, ,25.9, ,315.0, ,1.2, ,152.3, ,1.8, ,36,33.678186,-116.27299
2013-08-12,224,208,metric,"92253, 92211, 92210, 92203, 92202, 92201",daily,31.6, ,39.3, ,22.7, ,10.3, ,7.28, ,0.0, ,27.0, ,53.0, ,12.0, ,26.6, ,314.0, ,1.3, ,141.7, ,1.6, ,36,33.678186,-116.27299
2013-08-13,225,208,metric,"92253, 92211, 92210, 92203, 92202, 92201",daily,29.8, ,38.0, ,20.9, ,13.7, ,6.97, ,0.0, ,37.0, ,71.0, ,16.0, ,26.8, ,308.0, ,1.6, ,138.7, ,1.6, ,36,33.678186,-116.27299
2013-08-14,226,208,metric,"92253, 92211, 92210, 92203, 92202, 92201",daily,30.4, ,39.9, ,21.7, ,14.6, ,6.7, ,0.0, ,38.0, ,71.0, ,15.0, ,27.0, ,303.0, ,1.7, ,108.9, ,1.3, ,36,33.678186,-116.27299
2013-08-15,227,208,metric,"92253, 92211, 92210, 92203, 92202, 92201",daily,33.0, ,40.0, ,24.2, ,14.1, ,7.12, ,0.0, ,32.0, ,56.0, ,20.0, ,27.8, ,296.0, ,1.6, ,126.5, ,1.5, ,36,33.678186,-116.27299
2013-08-16,228,208,metric,"92253, 92211, 92210, 92203, 92202, 92201",daily,35.1, ,42.2, ,26.2, ,12.6, ,7.87, ,0.0, ,26.0, ,43.0, ,19.0, ,28.3, ,292.0, ,1.5, ,170.4, ,2.0, ,36,33.678186,-116.27299
2013-08-17,229,208,metric,"92253, 92211, 92210, 92203, 92202, 92201",daily,33.8, ,41.0, ,23.8, ,14.1, ,7.22, ,0.0, ,31.0, ,61.0, ,18.0, ,28.6, ,293.0, ,1.6, ,135.9, ,1.6, ,36,33.678186,-116.27299
2013-08-18,230,208,metric,"92253, 92211, 92210, 92203, 92202, 92201",daily,34.1, ,40.5, ,26.2, ,16.3, ,7.39, ,0.0, ,35.0, ,56.0, ,23.0, ,29.1, ,289.0, ,1.8, ,147.7, ,1.7, ,36,33.678186,-116.27299
2013-08-19,231,208,metric,"92253, 92211, 92210, 92203, 92202, 92201",daily,32.7, ,39.3, ,26.4, ,17.2, ,5.25, ,0.0, ,40.0, ,63.0, ,24.0, ,29.1, ,211.0, ,2.0, ,121.5, ,1.4, ,36,33.678186,-116.27299
2013-08-20,232,208,metric,"92253, 92211, 92210, 92203, 92202, 92201",daily,33.2, ,40.3, ,26.9, ,14.6, ,6.68, ,0.0, ,33.0, ,54.0, ,19.0, ,28.8, ,279.0, ,1.7, ,140.0, ,1.6, ,36,33.678186,-116.27299
2013-08-21,233,208,metric,"92253, 92211, 92210, 92203, 92202, 92201",daily,33.3, ,40.2, ,24.9, ,14.1, ,6.72, ,0.0, ,31.0, ,63.0, ,16.0, ,28.5, ,274.0, ,1.6, ,126.4, ,1.5, ,36,33.678186,-116.27299
2013-08-22,234,208,metric,"92253, 92211, 92210, 92203, 92202, 92201",daily,33.4, ,39.5, ,26.9, ,17.8, ,6.2, ,0.0, ,40.0, ,62.0, ,23.0, ,29.0, ,262.0, ,2.0, ,151.6, ,1.8, ,36,33.678186,-116.27299
2013-08-23,235,208,metric,"92253, 92211, 92210, 92203, 92202, 92201",daily,31.4, ,37.0, ,26.3, ,19.5, ,5.04, ,0.0, ,49.0, ,68.0, ,32.0, ,29.2, ,219.0, ,2.3, ,117.1, ,1.4, ,36,33.678186,-116.27299
2013-08-24,236,208,metric,"92253, 92211, 92210, 92203, 92202, 92201",daily,28.3, ,34.1,Y,23.5, ,21.1, ,4.5,R,0.0, ,65.0, ,90.0, ,40.0, ,28.8, ,212.0, ,2.5, ,170.6, ,2.0, ,36,33.678186,-116.27299
2013-08-25,237,208,metric,"92253, 92211, 92210, 92203, 92202, 92201",daily,24.8,H,32.0,Y,20.3, ,22.0, ,4.8,H,0.0, ,85.0, ,100.0,H,59.0,H,27.9, ,168.0, ,2.6, ,122.5, ,1.4, ,36,33.678186,-116.27299
2013-08-26,238,208,metric,"92253, 92211, 92210, 92203, 92202, 92201",daily,25.0,H,28.8,S,22.5, ,22.8, ,3.01,R,0.0, ,88.0, ,100.0,H,67.0,H,27.1, ,89.0, ,2.8, ,71.9, ,0.8, ,36,33.678186,-116.27299
2013-08-27,239,208,metric,"92253, 92211, 92210, 92203, 92202, 92201",daily,30.2, ,36.6, ,22.9, ,21.1, ,5.4,R,0.0, ,58.0, ,94.0, ,39.0, ,28.0, ,276.0, ,2.5, ,67.5, ,0.8, ,36,33.678186,-116.27299
2013-08-28,240,208,metric,"92253, 92211, 92210, 92203, 92202, 92201",daily,33.2, ,39.5, ,25.9, ,19.0, ,5.92, ,0.0, ,43.0, ,69.0, ,28.0, ,29.1, ,259.0, ,2.2, ,99.7, ,1.2, ,36,33.678186,-116.27299
2013-08-29,241,208,metric,"92253, 92211, 92210, 92203, 92202, 92201",daily,30.2, ,33.8,Y,27.5, ,23.5, ,4.52,R,0.0, ,68.0, ,83.0, ,51.0, ,29.5, ,216.0, ,2.9, ,158.5, ,1.8, ,36,33.678186,-116.27299
2013-08-30,242,208,metric,"92253, 92211, 92210, 92203, 92202, 92201",daily,29.7, ,33.4,Y,26.7, ,23.7, ,3.33, ,0.0, ,71.0, ,86.0, ,52.0, ,29.5, ,173.0, ,2.9, ,125.1, ,1.4, ,36,33.678186,-116.27299
2013-08-31,243,208,metric,"92253, 92211, 92210, 92203, 92202, 92201",daily,32.3, ,39.2, ,26.9, ,21.9, ,4.97, ,0.0, ,54.0, ,82.0, ,36.0, ,29.9, ,226.0, ,2.6, ,143.8, ,1.7, ,36,33.678186,-116.27299
2013-09-01,244,208,metric,"92253, 92211, 92210, 92203, 92202, 92201",daily,33.0, ,38.7, ,27.4, ,19.5, ,5.88, ,0.0, ,45.0, ,67.0, ,32.0, ,29.8, ,263.0, ,2.3, ,143.5, ,1.7, ,36,33.678186,-116.27299
2013-09-02,245,208,metric,"92253, 92211, 92210, 92203, 92202, 92201",daily,33.4, ,39.4, ,26.9, ,17.8, ,6.01, ,0.0, ,40.0, ,61.0, ,25.0, ,29.9, ,238.0, ,2.0, ,144.5, ,1.7, ,36,33.678186,-116.27299
2013-09-03,246,208,metric,"92253, 92211, 92210, 92203, 92202, 92201",daily,32.8, ,38.5, ,26.4, ,18.2, ,5.39, ,0.0, ,42.0, ,68.0, ,28.0, ,30.0, ,237.0, ,2.1, ,123.0, ,1.4, ,36,33.678186,-116.27299
2013-09-04,247,208,metric,"92253, 92211, 92210, 92203, 92202, 92201",daily,30.9, ,36.0, ,26.3, ,19.9, ,4.45, ,0.0, ,52.0, ,74.0, ,37.0, ,29.6, ,186.0, ,2.3, ,152.0, ,1.8, ,36,33.678186,-116.27299
2013-09-05,248,208,metric,"92253, 92211, 92210, 92203, 92202, 92201",daily,36.0, ,40.4, ,0.0,S,15.3, ,6.37, ,0.0, ,29.0, ,78.0, ,25.0, ,29.7, ,317.0,R,1.7, ,185.4, ,2.1, ,36,33.678186,-116.27299
2013-09-06,249,208,metric,"92253, 92211, 92210, 92203, 92202, 92201",daily,33.1, ,41.1, ,26.8, ,16.2, ,5.65, ,0.0, ,36.0, ,59.0, ,23.0, ,29.4, ,210.0, ,1.8, ,153.7, ,1.8, ,36,33.678186,-116.27299
2013-09-07,250,208,metric,"92253, 92211, 92210, 92203, 92202, 92201",daily,29.0, ,34.2, ,25.4, ,20.9, ,3.56, ,0.0, ,62.0, ,76.0, ,47.0, ,29.1, ,163.0, ,2.5, ,135.8, ,1.6, ,36,33.678186,-116.27299
2013-09-08,251,208,metric,"92253, 92211, 92210, 92203, 92202, 92201",daily,30.5, ,37.1, ,23.8, ,19.6, ,4.91, ,0.0, ,52.0, ,92.0, ,31.0, ,29.2, ,220.0, ,2.3, ,100.3, ,1.2, ,36,33.678186,-116.27299
2013-09-09,252,208,metric,"92253, 92211, 92210, 92203, 92202, 92201",daily,29.7, ,36.1, ,23.4, ,17.6, ,4.62, ,0.0, ,48.0, ,81.0, ,29.0, ,29.1, ,196.0, ,2.0, ,146.4, ,1.7, ,36,33.678186,-116.27299
2013-09-10,253,208,metric,"92253, 92211, 92210, 92203, 92202, 92201",daily,29.0, ,34.6, ,24.4, ,17.7, ,4.92, ,0.0, ,51.0, ,85.0, ,31.0, ,28.7, ,217.0, ,2.0, ,139.7, ,1.6, ,36,33.678186,-116.27299
2013-09-11,254,208,metric,"92253, 92211, 92210, 92203, 92202, 92201",daily,28.9, ,35.1, ,20.5, ,12.4, ,5.93, ,0.0, ,36.0, ,63.0, ,24.0, ,28.2, ,258.0, ,1.4, ,131.9, ,1.5, ,36,33.678186,-116.27299
2013-09-12,255,208,metric,"92253, 92211, 92210, 92203, 92202, 92201",daily,29.4, ,37.6, ,20.8, ,12.2, ,5.9, ,0.0, ,35.0, ,65.0, ,14.0, ,27.6, ,262.0, ,1.4, ,114.0, ,1.3, ,36,33.678186,-116.27299
2013-09-13,256,208,metric,"92253, 92211, 92210, 92203, 92202, 92201",daily,30.5, ,39.3, ,21.7, ,11.1, ,6.0, ,0.0, ,30.0, ,57.0, ,13.0, ,27.2, ,262.0, ,1.3, ,104.4, ,1.2, ,36,33.678186,-116.27299
2013-09-14,257,208,metric,"92253, 92211, 92210, 92203, 92202, 92201",daily,31.9, ,40.7, ,21.6, ,12.3, ,6.33, ,0.0, ,30.0, ,62.0, ,13.0, ,27.3, ,260.0, ,1.4, ,125.1, ,1.4, ,36,33.678186,-116.27299
2013-09-15,258,208,metric,"92253, 92211, 92210, 92203, 92202, 92201",daily,32.6, ,40.8, ,23.2, ,12.2, ,6.52, ,0.0, ,29.0, ,64.0, ,14.0, ,27.3, ,260.0, ,1.4, ,133.1, ,1.5, ,36,33.678186,-116.27299
2013-09-16,259,208,metric,"92253, 92211, 92210, 92203, 92202, 92201",daily,33.8, ,41.4, ,24.2, ,9.9, ,7.11, ,0.0, ,23.0, ,47.0, ,13.0, ,27.1, ,261.0, ,1.2, ,175.8, ,2.0, ,36,33.678186,-116.27299
2013-09-17,260,208,metric,"92253, 92211, 92210, 92203, 92202, 92201",daily,32.9, ,40.6, ,24.7, ,5.3, ,7.62, ,0.0, ,18.0, ,29.0, ,11.0, ,26.7, ,267.0, ,0.9, ,239.5, ,2.8, ,36,33.678186,-116.27299
2013-09-18,261,208,metric,"92253, 92211, 92210, 92203, 92202, 92201",daily,29.6, ,39.1, ,20.9, ,5.1, ,6.17, ,0.0, ,21.0, ,43.0, ,9.0, ,25.6, ,270.0, ,0.9, ,159.8, ,1.9, ,36,33.678186,-116.27299
2013-09-19,262,208,metric,"92253, 92211, 92210, 92203, 92202, 92201",daily,28.4, ,38.3, ,18.1, ,10.2, ,5.88, ,0.0, ,32.0, ,72.0, ,10.0, ,25.5, ,264.0, ,1.2, ,131.8, ,1.5, ,36,33.678186,-116.27299
2013-09-20,263,208,metric,"92253, 92211, 92210, 92203, 92202, 92201",daily,28.3, ,37.2, ,18.4, ,12.0, ,6.01, ,0.0, ,36.0, ,77.0, ,15.0, ,25.4, ,255.0, ,1.4, ,167.4, ,1.9, ,36,33.678186,-116.27299
2013-09-21,264,208,metric,"92253, 92211, 92210, 92203, 92202, 92201",daily,26.8, ,35.0, ,19.3, ,10.4, ,5.66, ,0.0, ,36.0, ,64.0, ,14.0, ,25.4, ,260.0, ,1.3, ,164.6, ,1.9, ,36,33.678186,-116.27299
2013-09-22,265,208,metric,"92253, 92211, 92210, 92203, 92202, 92201",daily,24.8, ,31.3, ,19.9, ,7.7, ,5.65, ,0.0, ,34.0, ,53.0, ,16.0, ,24.9, ,257.0, ,1.1, ,205.6, ,2.4, ,36,33.678186,-116.27299
2013-09-23,266,208,metric,"92253, 92211, 92210, 92203, 92202, 92201",daily,25.7, ,35.7, ,14.1, ,8.3, ,5.24, ,0.0, ,33.0, ,81.0, ,11.0, ,24.5, ,259.0, ,1.1, ,111.3, ,1.3, ,36,33.678186,-116.27299
2013-09-24,267,208,metric,"92253, 92211, 92210, 92203, 92202, 92201",daily,27.0, ,34.8, ,17.8, ,6.7, ,5.93, ,0.0, ,28.0, ,59.0, ,14.0, ,24.5, ,253.0, ,1.0, ,146.5, ,1.7, ,36,33.678186,-116.27299
2013-09-25,268,208,metric,"92253, 92211, 92210, 92203, 92202, 92201",daily,26.2, ,34.9, ,17.9, ,4.5, ,5.95, ,0.0, ,25.0, ,50.0, ,12.0, ,24.3, ,252.0, ,0.8, ,168.9, ,2.0, ,36,33.678186,-116.27299
2013-09-26,269,208,metric,"92253, 92211, 92210, 92203, 92202, 92201",daily,22.3, ,27.8,Y,17.1, ,5.7, ,5.59, ,0.0, ,34.0, ,55.0, ,20.0, ,23.7, ,245.0, ,0.9, ,237.3, ,2.7, ,36,33.678186,-116.27299
2013-09-27,270,208,metric,"92253, 92211, 92210, 92203, 92202, 92201",daily,22.4, ,30.1,Y,13.6, ,1.3, ,5.15, ,0.0, ,25.0, ,57.0, ,10.0, ,23.1, ,257.0, ,0.7, ,142.8, ,1.7, ,36,33.678186,-116.27299
2013-09-28,271,208,metric,"92253, 92211, 92210, 92203, 92202, 92201",daily,23.3, ,32.3, ,14.3, ,1.4, ,5.03, ,0.0, ,24.0, ,53.0, ,9.0, ,22.6, ,255.0, ,0.7, ,117.3, ,1.4, ,36,33.678186,-116.27299
2013-09-29,272,208,metric,"92253, 92211, 92210, 92203, 92202, 92201",daily,23.9, ,33.7, ,14.1, ,3.4, ,5.19, ,0.0, ,26.0, ,51.0, ,10.0, ,22.6, ,252.0, ,0.8, ,127.1, ,1.5, ,36,33.678186,-116.27299
2013-09-30,273,208,metric,"92253, 92211, 92210, 92203, 92202, 92201",daily,23.7, ,33.6, ,12.9, ,5.3, ,5.09, ,0.0, ,30.0, ,64.0, ,12.0, ,22.6, ,250.0, ,0.9, ,123.4, ,1.4, ,36,33.678186,-116.27299
2013-10-01,274,208,metric,"92253, 92211, 92210, 92203, 92202, 92201",daily,23.7, ,32.3, ,13.9, ,8.6, ,4.95, ,0.0, ,38.0, ,65.0, ,17.0, ,22.6, ,241.0, ,1.1, ,139.6, ,1.6, ,36,33.678186,-116.27299
2013-10-02,275,208,metric,"92253, 92211, 92210, 92203, 92202, 92201",daily,24.4, ,31.8, ,15.7, ,11.2, ,4.78, ,0.0, ,43.0, ,75.0, ,20.0, ,22.9, ,233.0, ,1.3, ,146.7, ,1.7, ,36,33.678186,-116.27299
2013-10-03,276,208,metric,"92253, 92211, 92210, 92203, 92202, 92201",daily,24.4, ,30.8, ,18.2, ,9.1, ,5.14, ,0.0, ,38.0, ,60.0, ,17.0, ,23.2, ,235.0, ,1.2, ,211.0, ,2.4, ,36,33.678186,-116.27299
2013-10-04,277,208,metric,"92253, 92211, 92210, 92203, 92202, 92201",daily,25.6, ,29.2, ,0.0,R,-7.5,Y,5.95, ,0.0, ,11.0,Y,16.0, ,8.0, ,22.9, ,284.0,R,0.3,Y,186.7, ,2.2, ,36,33.678186,-116.27299
2013-10-05,278,208,metric,"92253, 92211, 92210, 92203, 92202, 92201",daily,23.9, ,29.8, ,17.0, ,-4.0, ,5.2, ,0.0, ,15.0, ,31.0, ,9.0, ,22.0, ,246.0, ,0.5, ,161.2, ,1.9, ,36,33.678186,-116.27299
2013-10-06,279,208,metric,"92253, 92211, 92210, 92203, 92202, 92201",daily,22.8, ,33.3, ,11.7, ,1.6, ,4.39, ,0.0, ,25.0, ,57.0, ,9.0, ,21.2, ,243.0, ,0.7, ,87.7, ,1.0, ,36,33.678186,-116.27299
2013-10-07,280,208,metric,"92253, 92211, 92210, 92203, 92202, 92201",daily,22.3, ,31.9, ,11.0, ,3.5, ,4.09, ,0.0, ,29.0, ,70.0, ,11.0, ,21.0, ,208.0, ,0.8, ,100.2, ,1.2, ,36,33.678186,-116.27299
2013-10-08,281,208,metric,"92253, 92211, 92210, 92203, 92202, 92201",daily,22.3, ,30.4, ,12.5, ,6.0, ,4.62, ,0.0, ,35.0, ,71.0, ,18.0, ,20.8, ,230.0, ,0.9, ,191.6, ,2.2, ,36,33.678186,-116.27299
2013-10-09,282,208,metric,"92253, 92211, 92210, 92203, 92202, 92201",daily,17.2,H,21.4,Y,11.7, ,7.1, ,4.27,R,0.0, ,51.0, ,71.0,H,38.0,H,19.9, ,114.0, ,1.0, ,289.0, ,3.3, ,36,33.678186,-116.27299
2013-10-10,283,208,metric,"92253, 92211, 92210, 92203, 92202, 92201",daily,16.3,H,22.6,Y,8.8, ,6.2, ,4.35,R,0.0, ,51.0, ,85.0,H,32.0,H,18.7, ,221.0, ,0.9, ,121.6, ,1.4, ,36,33.678186,-116.27299
2013-10-11,284,208,metric,"92253, 92211, 92210, 92203, 92202, 92201",daily,18.8, ,26.5, ,10.5, ,8.2, ,3.71,R,0.0, ,50.0, ,91.0, ,27.0, ,19.1, ,218.0, ,1.1, ,110.4, ,1.3, ,36,33.678186,-116.27299
2013-10-12,285,208,metric,"92253, 92211, 92210, 92203, 92202, 92201",daily,21.0, ,28.6, ,12.1, ,7.9, ,4.04, ,0.0, ,43.0, ,83.0, ,22.0, ,19.5, ,218.0, ,1.1, ,126.8, ,1.5, ,36,33.678186,-116.27299
2013-10-13,286,208,metric,"92253, 92211, 92210, 92203, 92202, 92201",daily,20.8, ,27.0, ,12.4, ,8.6, ,3.97, ,0.0, ,45.0, ,84.0, ,28.0, ,19.7, ,217.0, ,1.1, ,159.0, ,1.8, ,36,33.678186,-116.27299
2013-10-14,287,208,metric,"92253, 92211, 92210, 92203, 92202, 92201",daily,21.0, ,29.0, ,13.6, ,5.9, ,3.86, ,0.0, ,37.0, ,72.0, ,17.0, ,19.8, ,217.0, ,0.9, ,112.7, ,1.3, ,36,33.678186,-116.27299
2013-10-15,288,208,metric,"92253, 92211, 92210, 92203, 92202, 92201",daily,21.8, ,29.8, ,13.0, ,3.2, ,4.16, ,0.0, ,29.0, ,61.0, ,16.0, ,19.7, ,216.0, ,0.8, ,124.7, ,1.4, ,36,33.678186,-116.27299
2013-10-16,289,208,metric,"92253, 92211, 92210, 92203, 92202, 92201",daily,20.2, ,29.6, ,13.2, ,3.6, ,3.69, ,0.0, ,33.0, ,58.0, ,14.0, ,19.5, ,220.0, ,0.8, ,109.6, ,1.3, ,36,33.678186,-116.27299
2013-10-17,290,208,metric,"92253, 92211, 92210, 92203, 92202, 92201",daily,19.0, ,28.1, ,9.0, ,5.2, ,3.65, ,0.0, ,40.0, ,85.0, ,17.0, ,19.1, ,214.0, ,0.9, ,101.2, ,1.2, ,36,33.678186,-116.27299
2013-10-18,291,208,metric,"92253, 92211, 92210, 92203, 92202, 92201",daily,20.6, ,31.1, ,10.4, ,6.9, ,3.61, ,0.0, ,41.0, ,83.0, ,18.0, ,19.2, ,211.0, ,1.0, ,91.2, ,1.1, ,36,33.678186,-116.27299
2013-10-19,292,208,metric,"92253, 92211, 92210, 92203, 92202, 92201",daily,21.7, ,32.3, ,11.9, ,5.1, ,3.85, ,0.0, ,34.0, ,62.0, ,14.0, ,19.3, ,215.0, ,0.9, ,111.7, ,1.3, ,36,33.678186,-116.27299
2013-10-20,293,208,metric,"92253, 92211, 92210, 92203, 92202, 92201",daily,21.5, ,31.9, ,11.2, ,6.8, ,3.62, ,0.0, ,39.0, ,78.0, ,15.0, ,19.3, ,211.0, ,1.0, ,96.9, ,1.1, ,36,33.678186,-116.27299
2013-10-21,294,208,metric,"92253, 92211, 92210, 92203, 92202, 92201",daily,20.0, ,29.2, ,11.2, ,7.4, ,3.6, ,0.0, ,44.0, ,76.0, ,24.0, ,19.2, ,208.0, ,1.0, ,114.4, ,1.3, ,36,33.678186,-116.27299
2013-10-22,295,208,metric,"92253, 92211, 92210, 92203, 92202, 92201",daily,20.7, ,31.6, ,11.5, ,7.3, ,3.64, ,0.0, ,42.0, ,79.0, ,14.0, ,19.0, ,204.0, ,1.0, ,100.8, ,1.2, ,36,33.678186,-116.27299
2013-10-23,296,208,metric,"92253, 92211, 92210, 92203, 92202, 92201",daily,21.3, ,31.7, ,12.0, ,8.2, ,3.02, ,0.0, ,43.0, ,70.0, ,17.0, ,19.1, ,157.0, ,1.1, ,107.4, ,1.2, ,36,33.678186,-116.27299
2013-10-24,297,208,metric,"92253, 92211, 92210, 92203, 92202, 92201",daily,20.9, ,28.6, ,12.5, ,10.1, ,3.39, ,0.0, ,50.0, ,88.0, ,24.0, ,19.2, ,196.0, ,1.2, ,126.2, ,1.5, ,36,33.678186,-116.27299
2013-10-25,298,208,metric,"92253, 92211, 92210, 92203, 92202, 92201",daily,20.0, ,28.8, ,11.4, ,10.3, ,3.45, ,0.0, ,54.0, ,90.0, ,24.0, ,19.1, ,194.0, ,1.3, ,111.3, ,1.3, ,36,33.678186,-116.27299
2013-10-26,299,208,metric,"92253, 92211, 92210, 92203, 92202, 92201",daily,21.7, ,32.6, ,12.4, ,9.3, ,3.17, ,0.0, ,45.0, ,73.0, ,19.0, ,19.3, ,169.0, ,1.2, ,95.7, ,1.1, ,36,33.678186,-116.27299
2013-10-27,300,208,metric,"92253, 92211, 92210, 92203, 92202, 92201",daily,22.6, ,30.4, ,12.6, ,7.1, ,4.1, ,0.0, ,37.0, ,77.0, ,16.0, ,19.5, ,192.0, ,1.0, ,148.7, ,1.7, ,36,33.678186,-116.27299
2013-10-28,301,208,metric,"92253, 92211, 92210, 92203, 92202, 92201",daily,19.0, ,22.6,Y,14.2, ,6.7, ,3.82, ,0.0, ,45.0, ,59.0, ,33.0, ,19.0, ,177.0, ,1.0, ,237.2, ,2.7, ,36,33.678186,-116.27299
2013-10-29,302,208,metric,"92253, 92211, 92210, 92203, 92202, 92201",daily,16.9, ,21.8,Y,13.9, ,5.7, ,3.04, ,0.0, ,47.0, ,65.0, ,31.0, ,18.3, ,171.0, ,0.9, ,145.1, ,1.7, ,36,33.678186,-116.27299
2013-10-30,303,208,metric,"92253, 92211, 92210, 92203, 92202, 92201",daily,17.2, ,24.5, ,10.8, ,5.8, ,3.01, ,0.0, ,47.0, ,83.0, ,21.0, ,17.9, ,188.0, ,0.9, ,129.6, ,1.5, ,36,33.678186,-116.27299
2013-10-31,304,208,metric,"92253, 92211, 92210, 92203, 92202, 92201",daily,16.5, ,26.7, ,8.3, ,5.1, ,2.97, ,0.0, ,47.0, ,81.0, ,17.0, ,17.6, ,187.0, ,0.9, ,94.9, ,1.1, ,36,33.678186,-116.27299
2013-11-01,305,208,metric,"92253, 92211, 92210, 92203, 92202, 92201",daily,17.3, ,27.8, ,8.0, ,6.1, ,3.22, ,0.0, ,48.0, ,81.0, ,21.0, ,17.3, ,185.0, ,0.9, ,107.6, ,1.2, ,36,33.678186,-116.27299
2013-11-02,306,208,metric,"92253, 92211, 92210, 92203, 92202, 92201",daily,18.1, ,27.8, ,8.8, ,6.3, ,3.17, ,0.0, ,46.0, ,82.0, ,21.0, ,17.4, ,181.0, ,1.0, ,93.2, ,1.1, ,36,33.678186,-116.27299
2013-11-03,307,208,metric,"92253, 92211, 92210, 92203, 92202, 92201",daily,18.5, ,27.0, ,9.8, ,6.6, ,3.18, ,0.0, ,46.0, ,72.0, ,23.0, ,17.4, ,178.0, ,1.0, ,124.9, ,1.4, ,36,33.678186,-116.27299
2013-11-04,308,208,metric,"92253, 92211, 92210, 92203, 92202, 92201",daily,18.4, ,24.0, ,12.0, ,7.7, ,3.11, ,0.0, ,50.0, ,81.0, ,31.0, ,17.5, ,153.0, ,1.1, ,181.6, ,2.1, ,36,33.678186,-116.27299
2013-11-05,309,208,metric,"92253, 92211, 92210, 92203, 92202, 92201",daily,18.0,H,22.5, ,10.2, ,-4.1, ,3.78, ,0.0,H,22.0, ,46.0,H,14.0,H,16.9,H,201.0,R,0.5,H,177.1,H,2.1,H,36,33.678186,-116.27299
2013-11-06,310,208,metric,"92253, 92211, 92210, 92203, 92202, 92201",daily,15.0, ,27.1, ,5.4, ,1.0, ,2.73, ,0.0, ,38.0, ,73.0, ,12.0, ,15.8, ,177.0, ,0.7, ,84.1, ,1.0, ,36,33.678186,-116.27299
2013-11-07,311,208,metric,"92253, 92211, 92210, 92203, 92202, 92201",daily,,M,,M,,M,,M,2.84,A,,M,,M,,M,,M,,M,,M,,M,,M,,M,36,33.678186,-116.27299
2013-11-08,312,208,metric,"92253, 92211, 92210, 92203, 92202, 92201",daily,21.0,H,28.3, ,0.0, ,2.3, ,3.05, ,0.0,H,29.0, ,73.0,H,15.0,H,16.2,H,278.0,R,0.7,H,99.4,H,1.2,H,36,33.678186,-116.27299
2013-11-09,313,208,metric,"92253, 92211, 92210, 92203, 92202, 92201",daily,17.3,H,25.6, ,8.7, ,4.5, ,2.75, ,0.0,H,43.0, ,77.0,H,21.0,H,16.1,H,210.0,R,0.8,H,90.5,H,1.0,H,36,33.678186,-116.27299
2013-11-10,314,208,metric,"92253, 92211, 92210, 92203, 92202, 92201",daily,16.6,H,27.3, ,9.4, ,6.3, ,2.1, ,0.0,H,50.0, ,75.0,H,20.0,H,16.1,H,139.0,H,1.0,H,75.4,H,0.9,H,36,33.678186,-116.27299
2013-11-11,315,208,metric,"92253, 92211, 92210, 92203, 92202, 92201",daily,19.0, ,32.3, ,8.9, ,7.2, ,2.86, ,0.0, ,46.0, ,76.0, ,17.0, ,16.3, ,164.0, ,1.0, ,81.6, ,0.9, ,36,33.678186,-116.27299
2013-11-12,316,208,metric,"92253, 92211, 92210, 92203, 92202, 92201",daily,19.5, ,29.4, ,11.3, ,10.7, ,1.77,R,0.0, ,57.0, ,76.0, ,29.0, ,17.0, ,108.0, ,1.3, ,73.4, ,0.8, ,36,33.678186,-116.27299
2013-11-13,317,208,metric,"92253, 92211, 92210, 92203, 92202, 92201",daily,19.6, ,31.1, ,10.7, ,8.8, ,2.81, ,0.0, ,50.0, ,83.0, ,19.0, ,17.7, ,161.0, ,1.1, ,76.3, ,0.9, ,36,33.678186,-116.27299
2013-11-14,318,208,metric,"92253, 92211, 92210, 92203, 92202, 92201",daily,18.1, ,28.7, ,10.2, ,7.6, ,2.84, ,0.0, ,50.0, ,82.0, ,21.0, ,17.4, ,160.0, ,1.0, ,93.0, ,1.1, ,36,33.678186,-116.27299
2013-11-15,319,208,metric,"92253, 92211, 92210, 92203, 92202, 92201",daily,17.9, ,23.8, ,12.3, ,9.1, ,2.96, ,0.0, ,56.0, ,82.0, ,36.0, ,17.3, ,155.0, ,1.2, ,181.4, ,2.1, ,36,33.678186,-116.27299
2013-11-16,320,208,metric,"92253, 92211, 92210, 92203, 92202, 92201",daily,17.1, ,22.3, ,13.4, ,8.4, ,2.66, ,0.0, ,57.0, ,70.0, ,43.0, ,16.9, ,146.0, ,1.1, ,185.5, ,2.1, ,36,33.678186,-116.27299
2013-11-17,321,208,metric,"92253, 92211, 92210, 92203, 92202, 92201",daily,15.0, ,21.8, ,8.7, ,8.3, ,2.24, ,0.0, ,64.0, ,91.0, ,41.0, ,16.4, ,152.0, ,1.1, ,100.0, ,1.2, ,36,33.678186,-116.27299
2013-11-18,322,208,metric,"92253, 92211, 92210, 92203, 92202, 92201",daily,16.4, ,24.5, ,8.9, ,9.3, ,2.32, ,0.0, ,63.0, ,93.0, ,36.0, ,16.3, ,148.0, ,1.2, ,91.2, ,1.1, ,36,33.678186,-116.27299
2013-11-19,323,208,metric,"92253, 92211, 92210, 92203, 92202, 92201",daily,17.2, ,22.4, ,11.6, ,9.8, ,1.89, ,0.0, ,62.0, ,86.0, ,46.0, ,16.7, ,115.0, ,1.2, ,138.8, ,1.6, ,36,33.678186,-116.27299
2013-11-20,324,208,metric,"92253, 92211, 92210, 92203, 92202, 92201",daily,17.4, ,23.0, ,12.4, ,9.9, ,2.36, ,0.0, ,61.0, ,87.0, ,43.0, ,17.0, ,136.0, ,1.2, ,134.1, ,1.6, ,36,33.678186,-116.27299
2013-11-21,325,208,metric,"92253, 92211, 92210, 92203, 92202, 92201",daily,16.2, ,18.7, ,12.9, ,11.4, ,0.81, ,0.0, ,73.0, ,87.0, ,57.0, ,16.6, ,59.0, ,1.3, ,114.7, ,1.3, ,36,33.678186,-116.27299
2013-11-22,326,208,metric,"92253, 92211, 92210, 92203, 92202, 92201",daily,13.7, ,16.1,Y,11.1, ,6.6, ,1.0, ,0.0, ,62.0, ,76.0, ,51.0, ,16.2, ,42.0, ,1.0, ,182.4, ,2.1, ,36,33.678186,-116.27299
2013-11-23,327,208,metric,"92253, 92211, 92210, 92203, 92202, 92201",daily,13.9, ,18.5, ,9.9, ,5.3, ,1.79, ,0.0, ,56.0, ,69.0, ,39.0, ,15.6, ,108.0, ,0.9, ,132.2, ,1.5, ,36,33.678186,-116.27299
2013-11-24,328,208,metric,"92253, 92211, 92210, 92203, 92202, 92201",daily,12.5, ,20.0, ,5.7, ,5.5, ,2.0, ,0.0, ,63.0, ,93.0, ,34.0, ,15.4, ,149.0, ,0.9, ,89.0, ,1.0, ,36,33.678186,-116.27299
2013-11-25,329,208,metric,"92253, 92211, 92210, 92203, 92202, 92201",daily,,M,,M,,M,,M,2.19,A,,M,,M,,M,,M,,M,,M,,M,,M,,M,36,33.678186,-116.27299
2013-11-26,330,208,metric,"92253, 92211, 92210, 92203, 92202, 92201",daily,14.6,H,24.5, ,6.1, ,6.9, ,1.71, ,0.0,H,60.0, ,91.0,H,39.0,H,15.0,H,174.0,R,1.0,H,96.8,H,1.1,H,36,33.678186,-116.27299
2013-11-27,331,208,metric,"92253, 92211, 92210, 92203, 92202, 92201",daily,14.0, ,22.1, ,8.2, ,6.0, ,1.69,R,0.0, ,58.0, ,91.0, ,28.0, ,15.0, ,118.0, ,0.9, ,54.9, ,0.6, ,36,33.678186,-116.27299
2013-11-28,332,208,metric,"92253, 92211, 92210, 92203, 92202, 92201",daily,14.6,H,21.3, ,6.9, ,5.0, ,2.01, ,0.0,H,52.0, ,88.0,H,28.0,H,14.7,H,189.0,R,0.9,H,54.8,H,0.6,H,36,33.678186,-116.27299
2013-11-29,333,208,metric,"92253, 92211, 92210, 92203, 92202, 92201",daily,,M,,M,,M,,M,2.09,A,,M,,M,,M,,M,,M,,M,,M,,M,,M,36,33.678186,-116.27299
2013-11-30,334,208,metric,"92253, 92211, 92210, 92203, 92202, 92201",daily,18.6,H,24.7, ,9.2, ,6.6, ,2.33, ,0.0,H,46.0, ,78.0,H,29.0,H,15.1,H,209.0,R,1.0,H,99.4,H,1.2,H,36,33.678186,-116.27299
2013-12-01,335,208,metric,"92253, 92211, 92210, 92203, 92202, 92201",daily,15.5, ,26.8, ,7.4, ,4.7, ,2.16, ,0.0, ,49.0, ,86.0, ,18.0, ,15.1, ,130.0, ,0.9, ,81.5, ,0.9, ,36,33.678186,-116.27299
2013-12-02,336,208,metric,"92253, 92211, 92210, 92203, 92202, 92201",daily,13.0, ,23.7, ,5.1, ,4.8, ,1.61, ,0.0, ,58.0, ,82.0, ,25.0, ,14.4, ,115.0, ,0.9, ,64.5, ,0.7, ,36,33.678186,-116.27299
2013-12-03,337,208,metric,"92253, 92211, 92210, 92203, 92202, 92201",daily,17.5, ,20.8, ,0.0, ,6.9, ,2.06, ,0.0, ,50.0, ,89.0, ,35.0, ,14.5, ,161.0, ,1.0, ,165.6, ,1.9, ,36,33.678186,-116.27299
2013-12-04,338,208,metric,"92253, 92211, 92210, 92203, 92202, 92201",daily,12.8, ,17.7, ,5.0, ,0.8, ,2.17, ,0.0, ,44.0, ,67.0, ,29.0, ,14.3, ,130.0, ,0.6, ,161.9, ,1.9, ,36,33.678186,-116.27299
2013-12-05,339,208,metric,"92253, 92211, 92210, 92203, 92202, 92201",daily,7.6, ,14.1, ,2.3, ,-1.5, ,1.78, ,0.0, ,52.0, ,84.0, ,28.0, ,12.7, ,142.0, ,0.5, ,86.9, ,1.0, ,36,33.678186,-116.27299
2013-12-06,340,208,metric,"92253, 92211, 92210, 92203, 92202, 92201",daily,7.2, ,13.7, ,0.9, ,0.7, ,1.63, ,0.0, ,63.0, ,96.0, ,38.0, ,11.8, ,138.0, ,0.6, ,80.4, ,0.9, ,36,33.678186,-116.27299
2013-12-07,341,208,metric,"92253, 92211, 92210, 92203, 92202, 92201",daily,9.3, ,16.0, ,2.1, ,2.0, ,1.36, ,0.0, ,60.0, ,87.0, ,39.0, ,11.4, ,90.0, ,0.7, ,130.2, ,1.5, ,36,33.678186,-116.27299
2013-12-08,342,208,metric,"92253, 92211, 92210, 92203, 92202, 92201",daily,8.8, ,14.5, ,2.8, ,-0.6, ,1.83, ,0.0, ,52.0, ,84.0, ,30.0, ,11.4, ,137.0, ,0.6, ,101.0, ,1.2, ,36,33.678186,-116.27299
2013-12-09,343,208,metric,"92253, 92211, 92210, 92203, 92202, 92201",daily,7.8, ,13.1, ,0.4, ,-11.8, ,2.23, ,0.0, ,23.0, ,60.0, ,15.0, ,10.7, ,145.0, ,0.2, ,155.8, ,1.8, ,36,33.678186,-116.27299
2013-12-10,344,208,metric,"92253, 92211, 92210, 92203, 92202, 92201",daily,5.5, ,16.9, ,-2.7, ,-6.3, ,1.69, ,0.0, ,42.0, ,79.0, ,13.0, ,9.5, ,147.0, ,0.4, ,68.3, ,0.8, ,36,33.678186,-116.27299
2013-12-11,345,208,metric,"92253, 92211, 92210, 92203, 92202, 92201",daily,9.2, ,18.0, ,1.7, ,-2.7, ,1.77, ,0.0, ,43.0, ,72.0, ,17.0, ,10.0, ,133.0, ,0.5, ,81.5, ,0.9, ,36,33.678186,-116.27299
2013-12-12,346,208,metric,"92253, 92211, 92210, 92203, 92202, 92201",daily,10.7, ,19.4, ,3.8, ,1.1, ,1.48, ,0.0, ,51.0, ,79.0, ,26.0, ,10.4, ,77.0, ,0.7, ,117.2, ,1.4, ,36,33.678186,-116.27299
2013-12-13,347,208,metric,"92253, 92211, 92210, 92203, 92202, 92201",daily,9.8, ,18.1, ,2.5, ,3.7, ,1.73, ,0.0, ,66.0, ,91.0, ,41.0, ,10.7, ,134.0, ,0.8, ,110.9, ,1.3, ,36,33.678186,-116.27299
2013-12-14,348,208,metric,"92253, 92211, 92210, 92203, 92202, 92201",daily,14.1, ,22.4, ,5.6, ,-2.6, ,2.41, ,0.0, ,31.0, ,66.0, ,17.0, ,10.8, ,140.0, ,0.5, ,124.4, ,1.4, ,36,33.678186,-116.27299
2013-12-15,349,208,metric,"92253, 92211, 92210, 92203, 92202, 92201",daily,13.1, ,22.8, ,5.4, ,0.8, ,1.93, ,0.0, ,43.0, ,81.0, ,21.0, ,11.1, ,134.0, ,0.6, ,101.0, ,1.2, ,36,33.678186,-116.27299
2013-12-16,350,208,metric,"92253, 92211, 92210, 92203, 92202, 92201",daily,13.5, ,24.3, ,4.8, ,3.7, ,1.96, ,0.0, ,51.0, ,83.0, ,21.0, ,11.7, ,137.0, ,0.8, ,84.9, ,1.0, ,36,33.678186,-116.27299
2013-12-17,351,208,metric,"92253, 92211, 92210, 92203, 92202, 92201",daily,13.7, ,23.8, ,6.5, ,5.3, ,1.73, ,0.0, ,57.0, ,84.0, ,24.0, ,12.3, ,116.0, ,0.9, ,75.7, ,0.9, ,36,33.678186,-116.27299
2013-12-18,352,208,metric,"92253, 92211, 92210, 92203, 92202, 92201",daily,13.5, ,23.3, ,8.4, ,6.0, ,1.13, ,0.0, ,60.0, ,85.0, ,27.0, ,12.7, ,77.0, ,0.9, ,73.0, ,0.8, ,36,33.678186,-116.27299
2013-12-19,353,208,metric,"92253, 92211, 92210, 92203, 92202, 92201",daily,13.6, ,19.1, ,6.9, ,4.9, ,2.11, ,0.0, ,56.0, ,80.0, ,40.0, ,12.5, ,125.0, ,0.9, ,183.8, ,2.1, ,36,33.678186,-116.27299
2013-12-20,354,208,metric,"92253, 92211, 92210, 92203, 92202, 92201",daily,14.8, ,19.5, ,8.0, ,2.0, ,2.4, ,0.0, ,42.0, ,68.0, ,30.0, ,12.6, ,132.0, ,0.7, ,201.1, ,2.3, ,36,33.678186,-116.27299
2013-12-21,355,208,metric,"92253, 92211, 92210, 92203, 92202, 92201",daily,11.3, ,20.3, ,4.9, ,3.8, ,1.78, ,0.0, ,60.0, ,92.0, ,30.0, ,12.2, ,133.0, ,0.8, ,97.4, ,1.1, ,36,33.678186,-116.27299
2013-12-22,356,208,metric,"92253, 92211, 92210, 92203, 92202, 92201",daily,10.4, ,18.1, ,4.1, ,6.2, ,1.62, ,0.0, ,75.0, ,95.0, ,49.0, ,11.9, ,133.0, ,1.0, ,108.2, ,1.3, ,36,33.678186,-116.27299
2013-12-23,357,208,metric,"92253, 92211, 92210, 92203, 92202, 92201",daily,12.0, ,24.2, ,3.7, ,4.7, ,1.82, ,0.0, ,61.0, ,98.0, ,22.0, ,11.9, ,136.0, ,0.9, ,77.9, ,0.9, ,36,33.678186,-116.27299
2013-12-24,358,208,metric,"92253, 92211, 92210, 92203, 92202, 92201",daily,13.2, ,24.1, ,4.1, ,4.5, ,1.99, ,0.0, ,56.0, ,88.0, ,27.0, ,12.2, ,136.0, ,0.8, ,91.9, ,1.1, ,36,33.678186,-116.27299
2013-12-25,359,208,metric,"92253, 92211, 92210, 92203, 92202, 92201",daily,16.5, ,24.2, ,8.2, ,-0.5, ,2.65, ,0.0, ,31.0, ,69.0, ,16.0, ,12.4, ,140.0, ,0.6, ,133.6, ,1.5, ,36,33.678186,-116.27299
2013-12-26,360,208,metric,"92253, 92211, 92210, 92203, 92202, 92201",daily,13.3, ,26.9, ,5.7, ,-1.0, ,2.02, ,0.0, ,37.0, ,64.0, ,12.0, ,12.0, ,141.0, ,0.6, ,88.4, ,1.0, ,36,33.678186,-116.27299
2013-12-27,361,208,metric,"92253, 92211, 92210, 92203, 92202, 92201",daily,11.5, ,22.1, ,3.0, ,0.6, ,2.06, ,0.0, ,47.0, ,82.0, ,20.0, ,11.6, ,140.0, ,0.6, ,101.7, ,1.2, ,36,33.678186,-116.27299
2013-12-28,362,208,metric,"92253, 92211, 92210, 92203, 92202, 92201",daily,11.0, ,20.5, ,5.4, ,1.6, ,1.75, ,0.0, ,52.0, ,82.0, ,22.0, ,11.5, ,112.0, ,0.7, ,95.3, ,1.1, ,36,33.678186,-116.27299
2013-12-29,363,208,metric,"92253, 92211, 92210, 92203, 92202, 92201",daily,12.9, ,21.9, ,4.1, ,-3.3, ,2.61, ,0.0, ,32.0, ,72.0, ,14.0, ,11.1, ,140.0, ,0.5, ,132.0, ,1.5, ,36,33.678186,-116.27299
2013-12-30,364,208,metric,"92253, 92211, 92210, 92203, 92202, 92201",daily,10.6, ,21.3, ,1.7, ,-2.3, ,1.98, ,0.0, ,40.0, ,70.0, ,14.0, ,10.6, ,141.0, ,0.5, ,81.5, ,0.9, ,36,33.678186,-116.27299
2013-12-31,365,208,metric,"92253, 92211, 92210, 92203, 92202, 92201",daily,10.7, ,21.9, ,1.7, ,-1.3, ,1.8, ,0.0, ,43.0, ,77.0, ,15.0, ,10.6, ,140.0, ,0.6, ,55.0, ,0.6, ,36,33.678186,-116.27299
